elastomer_wtpct,filler_wtpct,compat_wtpct,N_rps,Tm_C,Q_kgh,Torque_Nm,talc_wtpct,intune_wtpct,stabilizer_wtpct,baseA_wtpct,baseB_wtpct,mode,E_GPa,MFI_g10min,sigma_y_MPa,Izod_23_kJm2,Izod_m20_kJm2,HDT_C,Shrink_pct,rho_gcc,eps_y_pct,Gardner_J,Xc,phi_el,phi_f_talc,phi_f_caco3,phi_f_biofiber,phi_f_biochar,tau_s,pvac_bar_abs,row_index,cycle_id,iter,E_GPa_score,MFI_g10min_score,sigma_y_MPa_score,Izod_23_kJm2_score,Izod_m20_kJm2_score,HDT_C_score,rho_gcc_score,Tm_C_score,Torque_Nm_score,literature_consistency_score,realism_penalty,recommended_bo_weight,confidence,confidence_factor,r2_izod_vs_elastomer,r2_modulus_vs_elastomer,outlier_fraction,has_error,notes_len,filler_wtpct_score,Xc_score,has_elastomer,has_talc,has_filler,has_compat,phase,analysis_mode,Tm_bin,N_rps_bin,Q_bin,Tm_C_norm,N_rps_norm,Torque_Nm_norm,proc_intensity
17.071335899264596,5.405669988956307,0.6096130185607619,4.199772300560701,232.9126282323487,7.019629466311326,0.25,0.0,0.0,0.21,67.73338109321834,8.97,bo_suggested,0.7169524707752907,25.01457230939707,18.705351772470312,24.818945191332165,4.256567486071504,79.29211151712884,,0.8928289722351508,8.225607541193515,37.54616919553642,0.3844247024483674,0.1873579930046645,0.0,0.0,0.0,0.0,45.0,0.1,0,20250924_221715,01,0.6,0.8,0.8,0.9,0.85,0.9,0.1,0.4,0.1,0.6,0.3,0.18,High,1.0,,,,False,1926,,,1,0,1,1,Optimized,tough,"(230.0, 260.0]","(-0.001, 5.0]","(6.0, 12.0]",0.8582525646469742,0.2913895372389773,1.0,0.7165473672953171
17.071335899264596,5.405669988956307,0.6096130185607619,4.199772300560701,232.9126282323487,7.019629466311326,0.25,0.0,0.0,0.21,67.73338109321834,8.97,bo_suggested,0.7169524707752907,25.01457230939707,18.705351772470312,24.818945191332165,4.256567486071504,79.29211151712884,,0.8928289722351508,8.225607541193515,37.54616919553642,0.3844247024483674,0.1873579930046645,0.0,0.0,0.0,0.0,45.0,0.1,0,20250924_221715,01,0.2,0.9,0.7,0.5,0.6,0.3,0.0,,0.1,0.15,0.1,0.015,High,1.0,,,,False,1572,,,1,0,1,1,Optimized,tough,"(230.0, 260.0]","(-0.001, 5.0]","(6.0, 12.0]",0.8582525646469742,0.2913895372389773,1.0,0.7165473672953171
17.071335899264596,5.405669988956307,0.6096130185607619,4.199772300560701,232.9126282323487,7.019629466311326,0.25,0.0,0.0,0.21,67.73338109321834,8.97,bo_suggested,0.7169524707752907,25.01457230939707,18.705351772470312,24.818945191332165,4.256567486071504,79.29211151712884,,0.8928289722351508,8.225607541193515,37.54616919553642,0.3844247024483674,0.1873579930046645,0.0,0.0,0.0,0.0,45.0,0.1,0,20250924_221715,01,0.3,0.9,0.8,0.8,0.7,0.3,0.0,0.2,0.1,0.4,0.2,0.08,High,1.0,,,,False,1596,,,1,0,1,1,Optimized,tough,"(230.0, 260.0]","(-0.001, 5.0]","(6.0, 12.0]",0.8582525646469742,0.2913895372389773,1.0,0.7165473672953171
17.071335899264596,5.405669988956307,0.6096130185607619,4.199772300560701,232.9126282323487,7.019629466311326,0.25,0.0,0.0,0.21,67.73338109321834,8.97,bo_suggested,0.7169524707752907,25.01457230939707,18.705351772470312,24.818945191332165,4.256567486071504,79.29211151712884,,0.8928289722351508,8.225607541193515,37.54616919553642,0.3844247024483674,0.1873579930046645,0.0,0.0,0.0,0.0,45.0,0.1,0,20250924_221715,01,0.4,0.9,0.8,0.7,0.7,0.4,0.1,0.9,0.1,0.35,0.1,0.035,High,1.0,,,,False,1834,,,1,0,1,1,Optimized,tough,"(230.0, 260.0]","(-0.001, 5.0]","(6.0, 12.0]",0.8582525646469742,0.2913895372389773,1.0,0.7165473672953171
13.465506010828696,19.040556688567825,1.313339936923703,7.396371594454769,217.00228496388343,2.0246170274455255,0.25,0.0,0.0,0.21,57.00059736367977,8.97,bo_suggested,0.7545822731034676,25.111895565567803,21.445198751258314,58.40574111358536,10.016863194928272,80.7793816053284,,0.8936337897180919,7.819521714224698,35.87532027802227,0.3895098948060191,0.1728288719828024,0.0,0.0,0.0,0.0,45.0,0.1,0,20250924_221715,01,0.6,0.8,0.8,0.9,0.85,0.9,0.1,0.4,0.1,0.6,0.3,0.18,High,1.0,,,,False,1926,,,1,0,1,1,Optimized,tough,"(200.0, 230.0]","(5.0, 10.0]","(-0.001, 3.0]",0.5400456992776685,0.8393779876208175,1.0,0.793141228966162
13.465506010828696,19.040556688567825,1.313339936923703,7.396371594454769,217.00228496388343,2.0246170274455255,0.25,0.0,0.0,0.21,57.00059736367977,8.97,bo_suggested,0.7545822731034676,25.111895565567803,21.445198751258314,58.40574111358536,10.016863194928272,80.7793816053284,,0.8936337897180919,7.819521714224698,35.87532027802227,0.3895098948060191,0.1728288719828024,0.0,0.0,0.0,0.0,45.0,0.1,0,20250924_221715,01,0.2,0.9,0.7,0.5,0.6,0.3,0.0,,0.1,0.15,0.1,0.015,High,1.0,,,,False,1572,,,1,0,1,1,Optimized,tough,"(200.0, 230.0]","(5.0, 10.0]","(-0.001, 3.0]",0.5400456992776685,0.8393779876208175,1.0,0.793141228966162
13.465506010828696,19.040556688567825,1.313339936923703,7.396371594454769,217.00228496388343,2.0246170274455255,0.25,0.0,0.0,0.21,57.00059736367977,8.97,bo_suggested,0.7545822731034676,25.111895565567803,21.445198751258314,58.40574111358536,10.016863194928272,80.7793816053284,,0.8936337897180919,7.819521714224698,35.87532027802227,0.3895098948060191,0.1728288719828024,0.0,0.0,0.0,0.0,45.0,0.1,0,20250924_221715,01,0.3,0.9,0.8,0.8,0.7,0.3,0.0,0.2,0.1,0.4,0.2,0.08,High,1.0,,,,False,1596,,,1,0,1,1,Optimized,tough,"(200.0, 230.0]","(5.0, 10.0]","(-0.001, 3.0]",0.5400456992776685,0.8393779876208175,1.0,0.793141228966162
13.465506010828696,19.040556688567825,1.313339936923703,7.396371594454769,217.00228496388343,2.0246170274455255,0.25,0.0,0.0,0.21,57.00059736367977,8.97,bo_suggested,0.7545822731034676,25.111895565567803,21.445198751258314,58.40574111358536,10.016863194928272,80.7793816053284,,0.8936337897180919,7.819521714224698,35.87532027802227,0.3895098948060191,0.1728288719828024,0.0,0.0,0.0,0.0,45.0,0.1,0,20250924_221715,01,0.4,0.9,0.8,0.7,0.7,0.4,0.1,0.9,0.1,0.35,0.1,0.035,High,1.0,,,,False,1834,,,1,0,1,1,Optimized,tough,"(200.0, 230.0]","(5.0, 10.0]","(-0.001, 3.0]",0.5400456992776685,0.8393779876208175,1.0,0.793141228966162
13.468639633700349,14.532959829085208,1.0430900991709895,7.07614098741758,227.54872946795803,6.852594947755093,0.25,0.0,0.0,0.21,61.77531043804345,8.97,bo_suggested,0.7785723920874849,25.03642385897335,21.222948993716457,55.023620199172655,9.436813325472928,81.69495626416928,,0.8939047486703001,7.564160470057102,34.83717196712469,0.3926694766217944,0.1638014953663016,0.0,0.0,0.0,0.0,45.0,0.1,0,20250924_221715,01,0.6,0.8,0.8,0.9,0.85,0.9,0.1,0.4,0.1,0.6,0.3,0.18,High,1.0,,,,False,1926,,,1,0,1,1,Optimized,tough,"(200.0, 230.0]","(5.0, 10.0]","(6.0, 12.0]",0.7509745893591605,0.784481312128728,1.0,0.8451519671626295
13.468639633700349,14.532959829085208,1.0430900991709895,7.07614098741758,227.54872946795803,6.852594947755093,0.25,0.0,0.0,0.21,61.77531043804345,8.97,bo_suggested,0.7785723920874849,25.03642385897335,21.222948993716457,55.023620199172655,9.436813325472928,81.69495626416928,,0.8939047486703001,7.564160470057102,34.83717196712469,0.3926694766217944,0.1638014953663016,0.0,0.0,0.0,0.0,45.0,0.1,0,20250924_221715,01,0.2,0.9,0.7,0.5,0.6,0.3,0.0,,0.1,0.15,0.1,0.015,High,1.0,,,,False,1572,,,1,0,1,1,Optimized,tough,"(200.0, 230.0]","(5.0, 10.0]","(6.0, 12.0]",0.7509745893591605,0.784481312128728,1.0,0.8451519671626295
13.468639633700349,14.532959829085208,1.0430900991709895,7.07614098741758,227.54872946795803,6.852594947755093,0.25,0.0,0.0,0.21,61.77531043804345,8.97,bo_suggested,0.7785723920874849,25.03642385897335,21.222948993716457,55.023620199172655,9.436813325472928,81.69495626416928,,0.8939047486703001,7.564160470057102,34.83717196712469,0.3926694766217944,0.1638014953663016,0.0,0.0,0.0,0.0,45.0,0.1,0,20250924_221715,01,0.3,0.9,0.8,0.8,0.7,0.3,0.0,0.2,0.1,0.4,0.2,0.08,High,1.0,,,,False,1596,,,1,0,1,1,Optimized,tough,"(200.0, 230.0]","(5.0, 10.0]","(6.0, 12.0]",0.7509745893591605,0.784481312128728,1.0,0.8451519671626295
13.468639633700349,14.532959829085208,1.0430900991709895,7.07614098741758,227.54872946795803,6.852594947755093,0.25,0.0,0.0,0.21,61.77531043804345,8.97,bo_suggested,0.7785723920874849,25.03642385897335,21.222948993716457,55.023620199172655,9.436813325472928,81.69495626416928,,0.8939047486703001,7.564160470057102,34.83717196712469,0.3926694766217944,0.1638014953663016,0.0,0.0,0.0,0.0,45.0,0.1,0,20250924_221715,01,0.4,0.9,0.8,0.7,0.7,0.4,0.1,0.9,0.1,0.35,0.1,0.035,High,1.0,,,,False,1834,,,1,0,1,1,Optimized,tough,"(200.0, 230.0]","(5.0, 10.0]","(6.0, 12.0]",0.7509745893591605,0.784481312128728,1.0,0.8451519671626295
8.77827667728607,11.55194695736909,0.9630106583716782,4.333865336159841,206.42909218843812,1.651757978993471,0.25,0.0,0.0,0.21,69.52676570697315,8.97,bo_suggested,0.9513314706535372,25.041242029928465,21.768022595034903,42.75248255987981,7.332254687309524,87.6618780207535,,0.8962875255054594,5.794876111718268,27.895089898225645,0.4137975524836611,0.1034355643323969,0.0,0.0,0.0,0.0,45.0,0.1,0,20250924_221715,01,0.6,0.8,0.8,0.9,0.85,0.9,0.1,0.4,0.1,0.6,0.3,0.18,High,1.0,,,,False,1926,,,1,0,1,1,Optimized,tough,"(200.0, 230.0]","(-0.001, 5.0]","(-0.001, 3.0]",0.32858184376876237,0.31437691477025836,1.0,0.5476529195130069
8.77827667728607,11.55194695736909,0.9630106583716782,4.333865336159841,206.42909218843812,1.651757978993471,0.25,0.0,0.0,0.21,69.52676570697315,8.97,bo_suggested,0.9513314706535372,25.041242029928465,21.768022595034903,42.75248255987981,7.332254687309524,87.6618780207535,,0.8962875255054594,5.794876111718268,27.895089898225645,0.4137975524836611,0.1034355643323969,0.0,0.0,0.0,0.0,45.0,0.1,0,20250924_221715,01,0.2,0.9,0.7,0.5,0.6,0.3,0.0,,0.1,0.15,0.1,0.015,High,1.0,,,,False,1572,,,1,0,1,1,Optimized,tough,"(200.0, 230.0]","(-0.001, 5.0]","(-0.001, 3.0]",0.32858184376876237,0.31437691477025836,1.0,0.5476529195130069
8.77827667728607,11.55194695736909,0.9630106583716782,4.333865336159841,206.42909218843812,1.651757978993471,0.25,0.0,0.0,0.21,69.52676570697315,8.97,bo_suggested,0.9513314706535372,25.041242029928465,21.768022595034903,42.75248255987981,7.332254687309524,87.6618780207535,,0.8962875255054594,5.794876111718268,27.895089898225645,0.4137975524836611,0.1034355643323969,0.0,0.0,0.0,0.0,45.0,0.1,0,20250924_221715,01,0.3,0.9,0.8,0.8,0.7,0.3,0.0,0.2,0.1,0.4,0.2,0.08,High,1.0,,,,False,1596,,,1,0,1,1,Optimized,tough,"(200.0, 230.0]","(-0.001, 5.0]","(-0.001, 3.0]",0.32858184376876237,0.31437691477025836,1.0,0.5476529195130069
8.77827667728607,11.55194695736909,0.9630106583716782,4.333865336159841,206.42909218843812,1.651757978993471,0.25,0.0,0.0,0.21,69.52676570697315,8.97,bo_suggested,0.9513314706535372,25.041242029928465,21.768022595034903,42.75248255987981,7.332254687309524,87.6618780207535,,0.8962875255054594,5.794876111718268,27.895089898225645,0.4137975524836611,0.1034355643323969,0.0,0.0,0.0,0.0,45.0,0.1,0,20250924_221715,01,0.4,0.9,0.8,0.7,0.7,0.4,0.1,0.9,0.1,0.35,0.1,0.035,High,1.0,,,,False,1834,,,1,0,1,1,Optimized,tough,"(200.0, 230.0]","(-0.001, 5.0]","(-0.001, 3.0]",0.32858184376876237,0.31437691477025836,1.0,0.5476529195130069
14.174789745813442,3.5110681879422234,1.4062966034414264,3.685098471612834,213.2732346940854,7.87978513876458,0.25,0.0,0.0,0.21,71.72784546280292,8.97,bo_suggested,0.8085121817878442,25.007295425856732,20.361339240929887,26.9073121648379,4.614732383486829,82.8045676738547,,0.8943669655157824,7.249085900815404,33.56929220811878,0.3965282411057254,0.1527764539836416,0.0,0.0,0.0,0.0,45.0,0.1,0,20250924_221715,02,0.8,0.9,0.9,0.9,0.8,0.6,0.1,0.0,0.1,0.55,0.2,0.11,High,1.0,,,,False,1657,,,1,0,1,1,Optimized,tough,"(200.0, 230.0]","(-0.001, 5.0]","(6.0, 12.0]",0.4654646938817081,0.20315973799077153,1.0,0.5562081439574932
14.174789745813442,3.5110681879422234,1.4062966034414264,3.685098471612834,213.2732346940854,7.87978513876458,0.25,0.0,0.0,0.21,71.72784546280292,8.97,bo_suggested,0.8085121817878442,25.007295425856732,20.361339240929887,26.9073121648379,4.614732383486829,82.8045676738547,,0.8943669655157824,7.249085900815404,33.56929220811878,0.3965282411057254,0.1527764539836416,0.0,0.0,0.0,0.0,45.0,0.1,0,20250924_221715,02,0.4,0.7,0.8,0.7,0.7,0.1,0.0,0.1,0.2,0.25,0.1,0.025,High,1.0,,,,False,1924,,,1,0,1,1,Optimized,tough,"(200.0, 230.0]","(-0.001, 5.0]","(6.0, 12.0]",0.4654646938817081,0.20315973799077153,1.0,0.5562081439574932
14.174789745813442,3.5110681879422234,1.4062966034414264,3.685098471612834,213.2732346940854,7.87978513876458,0.25,0.0,0.0,0.21,71.72784546280292,8.97,bo_suggested,0.8085121817878442,25.007295425856732,20.361339240929887,26.9073121648379,4.614732383486829,82.8045676738547,,0.8943669655157824,7.249085900815404,33.56929220811878,0.3965282411057254,0.1527764539836416,0.0,0.0,0.0,0.0,45.0,0.1,0,20250924_221715,02,0.9,0.8,0.9,0.9,0.85,0.8,,,0.1,0.9,0.4,0.234,Medium,0.65,,,,False,1972,,,1,0,1,1,Optimized,tough,"(200.0, 230.0]","(-0.001, 5.0]","(6.0, 12.0]",0.4654646938817081,0.20315973799077153,1.0,0.5562081439574932
14.174789745813442,3.5110681879422234,1.4062966034414264,3.685098471612834,213.2732346940854,7.87978513876458,0.25,0.0,0.0,0.21,71.72784546280292,8.97,bo_suggested,0.8085121817878442,25.007295425856732,20.361339240929887,26.9073121648379,4.614732383486829,82.8045676738547,,0.8943669655157824,7.249085900815404,33.56929220811878,0.3965282411057254,0.1527764539836416,0.0,0.0,0.0,0.0,45.0,0.1,0,20250924_221715,02,0.2,0.7,0.3,0.8,0.8,0.4,0.0,0.6,0.1,0.3,0.2,0.06,High,1.0,,,,False,1516,,,1,0,1,1,Optimized,tough,"(200.0, 230.0]","(-0.001, 5.0]","(6.0, 12.0]",0.4654646938817081,0.20315973799077153,1.0,0.5562081439574932
14.11334362259053,17.309568344038556,1.5282603761074116,6.41135887174679,236.6421700579943,6.054958017188238,0.25,0.0,0.0,0.21,57.868827657263495,8.97,bo_suggested,0.7428115591946309,25.039854485956,21.468667237505233,59.27194889867376,10.16542196186076,80.32107461683327,,0.89349293813797,7.945801042174272,36.39225109246361,0.3879366271098934,0.1773239225431618,0.0,0.0,0.0,0.0,45.0,0.1,0,20250924_221715,02,0.8,0.9,0.9,0.9,0.8,0.6,0.1,0.0,0.1,0.55,0.2,0.11,High,1.0,,,,False,1657,,,1,0,1,1,Optimized,tough,"(230.0, 260.0]","(5.0, 10.0]","(6.0, 12.0]",0.9328434011598858,0.6705186637280212,1.0,0.8677873549626357
14.11334362259053,17.309568344038556,1.5282603761074116,6.41135887174679,236.6421700579943,6.054958017188238,0.25,0.0,0.0,0.21,57.868827657263495,8.97,bo_suggested,0.7428115591946309,25.039854485956,21.468667237505233,59.27194889867376,10.16542196186076,80.32107461683327,,0.89349293813797,7.945801042174272,36.39225109246361,0.3879366271098934,0.1773239225431618,0.0,0.0,0.0,0.0,45.0,0.1,0,20250924_221715,02,0.4,0.7,0.8,0.7,0.7,0.1,0.0,0.1,0.2,0.25,0.1,0.025,High,1.0,,,,False,1924,,,1,0,1,1,Optimized,tough,"(230.0, 260.0]","(5.0, 10.0]","(6.0, 12.0]",0.9328434011598858,0.6705186637280212,1.0,0.8677873549626357
14.11334362259053,17.309568344038556,1.5282603761074116,6.41135887174679,236.6421700579943,6.054958017188238,0.25,0.0,0.0,0.21,57.868827657263495,8.97,bo_suggested,0.7428115591946309,25.039854485956,21.468667237505233,59.27194889867376,10.16542196186076,80.32107461683327,,0.89349293813797,7.945801042174272,36.39225109246361,0.3879366271098934,0.1773239225431618,0.0,0.0,0.0,0.0,45.0,0.1,0,20250924_221715,02,0.9,0.8,0.9,0.9,0.85,0.8,,,0.1,0.9,0.4,0.234,Medium,0.65,,,,False,1972,,,1,0,1,1,Optimized,tough,"(230.0, 260.0]","(5.0, 10.0]","(6.0, 12.0]",0.9328434011598858,0.6705186637280212,1.0,0.8677873549626357
14.11334362259053,17.309568344038556,1.5282603761074116,6.41135887174679,236.6421700579943,6.054958017188238,0.25,0.0,0.0,0.21,57.868827657263495,8.97,bo_suggested,0.7428115591946309,25.039854485956,21.468667237505233,59.27194889867376,10.16542196186076,80.32107461683327,,0.89349293813797,7.945801042174272,36.39225109246361,0.3879366271098934,0.1773239225431618,0.0,0.0,0.0,0.0,45.0,0.1,0,20250924_221715,02,0.2,0.7,0.3,0.8,0.8,0.4,0.0,0.6,0.1,0.3,0.2,0.06,High,1.0,,,,False,1516,,,1,0,1,1,Optimized,tough,"(230.0, 260.0]","(5.0, 10.0]","(6.0, 12.0]",0.9328434011598858,0.6705186637280212,1.0,0.8677873549626357
14.111271850253054,2.4300779107191657,0.5,4.631033517358421,221.29758599405147,2.2195263807589587,0.25,0.0,0.0,0.21,73.77865023902778,8.97,bo_suggested,0.8150819564351298,25.044938489464972,20.029460607083433,40.83793163616134,7.003900071530998,83.04337721770337,,0.8942764368713174,7.180463994794325,33.29503229010314,0.3973629452040339,0.1503915851313316,0.0,0.0,0.0,0.0,45.0,0.1,0,20250924_221715,02,0.8,0.9,0.9,0.9,0.8,0.6,0.1,0.0,0.1,0.55,0.2,0.11,High,1.0,,,,False,1657,,,1,0,1,1,Optimized,tough,"(200.0, 230.0]","(-0.001, 5.0]","(-0.001, 3.0]",0.6259517198810295,0.3653200315471579,1.0,0.6637572504760625
14.111271850253054,2.4300779107191657,0.5,4.631033517358421,221.29758599405147,2.2195263807589587,0.25,0.0,0.0,0.21,73.77865023902778,8.97,bo_suggested,0.8150819564351298,25.044938489464972,20.029460607083433,40.83793163616134,7.003900071530998,83.04337721770337,,0.8942764368713174,7.180463994794325,33.29503229010314,0.3973629452040339,0.1503915851313316,0.0,0.0,0.0,0.0,45.0,0.1,0,20250924_221715,02,0.4,0.7,0.8,0.7,0.7,0.1,0.0,0.1,0.2,0.25,0.1,0.025,High,1.0,,,,False,1924,,,1,0,1,1,Optimized,tough,"(200.0, 230.0]","(-0.001, 5.0]","(-0.001, 3.0]",0.6259517198810295,0.3653200315471579,1.0,0.6637572504760625
14.111271850253054,2.4300779107191657,0.5,4.631033517358421,221.29758599405147,2.2195263807589587,0.25,0.0,0.0,0.21,73.77865023902778,8.97,bo_suggested,0.8150819564351298,25.044938489464972,20.029460607083433,40.83793163616134,7.003900071530998,83.04337721770337,,0.8942764368713174,7.180463994794325,33.29503229010314,0.3973629452040339,0.1503915851313316,0.0,0.0,0.0,0.0,45.0,0.1,0,20250924_221715,02,0.9,0.8,0.9,0.9,0.85,0.8,,,0.1,0.9,0.4,0.234,Medium,0.65,,,,False,1972,,,1,0,1,1,Optimized,tough,"(200.0, 230.0]","(-0.001, 5.0]","(-0.001, 3.0]",0.6259517198810295,0.3653200315471579,1.0,0.6637572504760625
14.111271850253054,2.4300779107191657,0.5,4.631033517358421,221.29758599405147,2.2195263807589587,0.25,0.0,0.0,0.21,73.77865023902778,8.97,bo_suggested,0.8150819564351298,25.044938489464972,20.029460607083433,40.83793163616134,7.003900071530998,83.04337721770337,,0.8942764368713174,7.180463994794325,33.29503229010314,0.3973629452040339,0.1503915851313316,0.0,0.0,0.0,0.0,45.0,0.1,0,20250924_221715,02,0.2,0.7,0.3,0.8,0.8,0.4,0.0,0.6,0.1,0.3,0.2,0.06,High,1.0,,,,False,1516,,,1,0,1,1,Optimized,tough,"(200.0, 230.0]","(-0.001, 5.0]","(-0.001, 3.0]",0.6259517198810295,0.3653200315471579,1.0,0.6637572504760625
9.947315440818343,9.296984861152724,0.8170754023680167,3.825277338280959,234.72792120734655,3.395037409180821,0.25,0.0,0.0,0.21,70.75862429566092,8.97,bo_suggested,0.9188158111617216,25.02632524880172,21.112324782089345,34.32078278181525,5.886177956370923,86.61316204384941,,0.8958133886280049,6.119462033478401,29.137148351200405,0.4100173745833031,0.1142360726191339,0.0,0.0,0.0,0.0,45.0,0.1,0,20250924_221715,02,0.8,0.9,0.9,0.9,0.8,0.6,0.1,0.0,0.1,0.55,0.2,0.11,High,1.0,,,,False,1657,,,1,0,1,1,Optimized,tough,"(230.0, 260.0]","(-0.001, 5.0]","(3.0, 6.0]",0.8945584241469311,0.2271904008481644,1.0,0.7072496083316985
9.947315440818343,9.296984861152724,0.8170754023680167,3.825277338280959,234.72792120734655,3.395037409180821,0.25,0.0,0.0,0.21,70.75862429566092,8.97,bo_suggested,0.9188158111617216,25.02632524880172,21.112324782089345,34.32078278181525,5.886177956370923,86.61316204384941,,0.8958133886280049,6.119462033478401,29.137148351200405,0.4100173745833031,0.1142360726191339,0.0,0.0,0.0,0.0,45.0,0.1,0,20250924_221715,02,0.4,0.7,0.8,0.7,0.7,0.1,0.0,0.1,0.2,0.25,0.1,0.025,High,1.0,,,,False,1924,,,1,0,1,1,Optimized,tough,"(230.0, 260.0]","(-0.001, 5.0]","(3.0, 6.0]",0.8945584241469311,0.2271904008481644,1.0,0.7072496083316985
9.947315440818343,9.296984861152724,0.8170754023680167,3.825277338280959,234.72792120734655,3.395037409180821,0.25,0.0,0.0,0.21,70.75862429566092,8.97,bo_suggested,0.9188158111617216,25.02632524880172,21.112324782089345,34.32078278181525,5.886177956370923,86.61316204384941,,0.8958133886280049,6.119462033478401,29.137148351200405,0.4100173745833031,0.1142360726191339,0.0,0.0,0.0,0.0,45.0,0.1,0,20250924_221715,02,0.9,0.8,0.9,0.9,0.85,0.8,,,0.1,0.9,0.4,0.234,Medium,0.65,,,,False,1972,,,1,0,1,1,Optimized,tough,"(230.0, 260.0]","(-0.001, 5.0]","(3.0, 6.0]",0.8945584241469311,0.2271904008481644,1.0,0.7072496083316985
9.947315440818343,9.296984861152724,0.8170754023680167,3.825277338280959,234.72792120734655,3.395037409180821,0.25,0.0,0.0,0.21,70.75862429566092,8.97,bo_suggested,0.9188158111617216,25.02632524880172,21.112324782089345,34.32078278181525,5.886177956370923,86.61316204384941,,0.8958133886280049,6.119462033478401,29.137148351200405,0.4100173745833031,0.1142360726191339,0.0,0.0,0.0,0.0,45.0,0.1,0,20250924_221715,02,0.2,0.7,0.3,0.8,0.8,0.4,0.0,0.6,0.1,0.3,0.2,0.06,High,1.0,,,,False,1516,,,1,0,1,1,Optimized,tough,"(230.0, 260.0]","(-0.001, 5.0]","(3.0, 6.0]",0.8945584241469311,0.2271904008481644,1.0,0.7072496083316985
17.67925384801955,0.9038472957322652,1.2434990770535097,4.761187692022112,206.90773510872543,5.3481232211925835,0.25,0.0,0.0,0.21,70.99339977919468,8.97,bo_suggested,0.7223234196414458,25.015256060179976,20.732480356880377,52.48424453705347,9.001298286660045,79.50839755203268,,0.8930226335078142,8.167215672306794,37.30438457394085,0.3851605686880061,0.1852555180342682,0.0,0.0,0.0,0.0,45.0,0.1,0,20250924_221715,03,0.9,0.9,0.9,0.9,0.8,0.9,1.0,,0.1,0.9,0.7,0.4095,Medium,0.65,,,,False,1457,,,1,0,1,1,Optimized,tough,"(200.0, 230.0]","(-0.001, 5.0]","(3.0, 6.0]",0.33815470217450866,0.3876321757752192,1.0,0.5752622926499092
17.67925384801955,0.9038472957322652,1.2434990770535097,4.761187692022112,206.90773510872543,5.3481232211925835,0.25,0.0,0.0,0.21,70.99339977919468,8.97,bo_suggested,0.7223234196414458,25.015256060179976,20.732480356880377,52.48424453705347,9.001298286660045,79.50839755203268,,0.8930226335078142,8.167215672306794,37.30438457394085,0.3851605686880061,0.1852555180342682,0.0,0.0,0.0,0.0,45.0,0.1,0,20250924_221715,03,1.0,0.9,1.0,0.9,0.9,1.0,,0.8,0.1,0.95,0.3,0.285,High,1.0,,,,False,1169,,,1,0,1,1,Optimized,tough,"(200.0, 230.0]","(-0.001, 5.0]","(3.0, 6.0]",0.33815470217450866,0.3876321757752192,1.0,0.5752622926499092
18.0,0.0,2.9255119118907267,6.2547675093432,226.26046261657785,5.326883594167631,0.25,0.0,0.0,0.21,69.89448808810927,8.97,bo_suggested,0.7179545681146399,25.03600815732534,21.56090338119812,61.58754977431039,10.562558557391656,79.33257004140212,,0.8932770963712766,8.214701764313368,37.50097197079701,0.3845622592193135,0.1869649736591044,0.0,0.0,0.0,0.0,45.0,0.1,0,20250924_221715,03,0.9,0.9,0.9,0.9,0.8,0.9,1.0,,0.1,0.9,0.7,0.4095,Medium,0.65,,,,False,1457,,,1,0,0,1,Optimized,tough,"(200.0, 230.0]","(5.0, 10.0]","(3.0, 6.0]",0.7252092523315571,0.6436744301731199,1.0,0.7896278941682257
18.0,0.0,2.9255119118907267,6.2547675093432,226.26046261657785,5.326883594167631,0.25,0.0,0.0,0.21,69.89448808810927,8.97,bo_suggested,0.7179545681146399,25.03600815732534,21.56090338119812,61.58754977431039,10.562558557391656,79.33257004140212,,0.8932770963712766,8.214701764313368,37.50097197079701,0.3845622592193135,0.1869649736591044,0.0,0.0,0.0,0.0,45.0,0.1,0,20250924_221715,03,1.0,0.9,1.0,0.9,0.9,1.0,,0.8,0.1,0.95,0.3,0.285,High,1.0,,,,False,1169,,,1,0,0,1,Optimized,tough,"(200.0, 230.0]","(5.0, 10.0]","(3.0, 6.0]",0.7252092523315571,0.6436744301731199,1.0,0.7896278941682257
12.13610879302256,0.1783999181143374,0.9673188925829772,6.701767697329138,236.13400412876436,4.998008358751873,0.25,0.0,0.0,0.21,77.53817239628013,8.97,bo_suggested,0.8825487398944704,25.0521692310339,21.338295436601527,46.528331481873394,7.979830788137899,85.4057867532052,,0.895314147736902,6.4858113271056475,30.555588537098,0.40570038271318,0.1265703351052,0.0,0.0,0.0,0.0,45.0,0.1,0,20250924_221715,03,0.9,0.9,0.9,0.9,0.8,0.9,1.0,,0.1,0.9,0.7,0.4095,Medium,0.65,,,,False,1457,,,1,0,1,1,Optimized,tough,"(230.0, 260.0]","(5.0, 10.0]","(3.0, 6.0]",0.9226800825752872,0.7203030338278521,1.0,0.8809943721343797
12.13610879302256,0.1783999181143374,0.9673188925829772,6.701767697329138,236.13400412876436,4.998008358751873,0.25,0.0,0.0,0.21,77.53817239628013,8.97,bo_suggested,0.8825487398944704,25.0521692310339,21.338295436601527,46.528331481873394,7.979830788137899,85.4057867532052,,0.895314147736902,6.4858113271056475,30.555588537098,0.40570038271318,0.1265703351052,0.0,0.0,0.0,0.0,45.0,0.1,0,20250924_221715,03,1.0,0.9,1.0,0.9,0.9,1.0,,0.8,0.1,0.95,0.3,0.285,High,1.0,,,,False,1169,,,1,0,1,1,Optimized,tough,"(230.0, 260.0]","(5.0, 10.0]","(3.0, 6.0]",0.9226800825752872,0.7203030338278521,1.0,0.8809943721343797
15.4652886878063,15.532017828674508,1.883975040273537,3.0000277446117645,223.1199188125588,9.086807083218773,0.25,0.0,0.0,0.21,57.93871844324565,8.97,bo_suggested,0.7099176276933957,25.00528108487621,19.4238340021284,24.62137138718278,4.222682636237699,79.00672418924937,,0.893049968635805,8.302313082293495,37.864576025830296,0.3834556381822556,0.1901267480506982,0.0,0.0,0.0,0.0,45.0,0.1,0,20250924_221715,03,0.9,0.9,0.9,0.9,0.8,0.9,1.0,,0.1,0.9,0.7,0.4095,Medium,0.65,,,,False,1457,,,1,0,1,1,Optimized,tough,"(200.0, 230.0]","(-0.001, 5.0]","(6.0, 12.0]",0.6623983762511761,0.08571904193344533,1.0,0.5827058060615405
15.4652886878063,15.532017828674508,1.883975040273537,3.0000277446117645,223.1199188125588,9.086807083218773,0.25,0.0,0.0,0.21,57.93871844324565,8.97,bo_suggested,0.7099176276933957,25.00528108487621,19.4238340021284,24.62137138718278,4.222682636237699,79.00672418924937,,0.893049968635805,8.302313082293495,37.864576025830296,0.3834556381822556,0.1901267480506982,0.0,0.0,0.0,0.0,45.0,0.1,0,20250924_221715,03,1.0,0.9,1.0,0.9,0.9,1.0,,0.8,0.1,0.95,0.3,0.285,High,1.0,,,,False,1169,,,1,0,1,1,Optimized,tough,"(200.0, 230.0]","(-0.001, 5.0]","(6.0, 12.0]",0.6623983762511761,0.08571904193344533,1.0,0.5827058060615405
17.99157622336095,7.473204664138277,2.909413284094244,6.433600793146136,206.26268653845625,4.972358488083788,0.25,0.0,0.0,0.21,62.44580582840652,8.97,bo_suggested,0.6806106782615792,25.028710530823215,21.412683799966633,63.25541354056083,10.84860514897274,77.79124813365479,,0.8927388823076213,8.624689204070519,39.21269323123451,0.3793526727745037,0.201849506358561,0.0,0.0,0.0,0.0,45.0,0.1,0,20250924_221715,04,0.3,0.8,0.8,0.9,0.9,0.2,0.1,,0.1,0.4,0.3,0.12,High,1.0,,,,False,1731,,,1,0,1,1,Optimized,tough,"(200.0, 230.0]","(5.0, 10.0]","(3.0, 6.0]",0.325253730769125,0.6743315645393375,1.0,0.6665284317694875
17.99157622336095,7.473204664138277,2.909413284094244,6.433600793146136,206.26268653845625,4.972358488083788,0.25,0.0,0.0,0.21,62.44580582840652,8.97,bo_suggested,0.6806106782615792,25.028710530823215,21.412683799966633,63.25541354056083,10.84860514897274,77.79124813365479,,0.8927388823076213,8.624689204070519,39.21269323123451,0.3793526727745037,0.201849506358561,0.0,0.0,0.0,0.0,45.0,0.1,0,20250924_221715,04,0.7,0.9,0.9,0.9,0.8,0.6,0.0,0.2,0.0,0.4,0.1,0.04,High,1.0,,,,False,1781,,,1,0,1,1,Optimized,tough,"(200.0, 230.0]","(5.0, 10.0]","(3.0, 6.0]",0.325253730769125,0.6743315645393375,1.0,0.6665284317694875
17.99157622336095,7.473204664138277,2.909413284094244,6.433600793146136,206.26268653845625,4.972358488083788,0.25,0.0,0.0,0.21,62.44580582840652,8.97,bo_suggested,0.6806106782615792,25.028710530823215,21.412683799966633,63.25541354056083,10.84860514897274,77.79124813365479,,0.8927388823076213,8.624689204070519,39.21269323123451,0.3793526727745037,0.201849506358561,0.0,0.0,0.0,0.0,45.0,0.1,0,20250924_221715,04,0.7,0.9,0.9,0.9,0.8,0.8,0.2,0.3,0.1,0.55,0.4,0.143,Medium,0.65,,,,False,1953,,,1,0,1,1,Optimized,tough,"(200.0, 230.0]","(5.0, 10.0]","(3.0, 6.0]",0.325253730769125,0.6743315645393375,1.0,0.6665284317694875
16.333146827590593,7.325485719327518,1.757446839954177,4.038834436786221,203.45790334218083,4.98346738348155,0.25,0.0,0.0,0.21,65.40392061312771,8.97,bo_suggested,0.7279697825213816,25.01142806520155,20.949488128995295,50.97256819644144,8.742038583586123,79.73430309239701,,0.8932484245252212,8.105987212086758,37.051410289318106,0.3859304904238144,0.1830557416462444,0.0,0.0,0.0,0.0,45.0,0.1,0,20250924_221715,04,0.3,0.8,0.8,0.9,0.9,0.2,0.1,,0.1,0.4,0.3,0.12,High,1.0,,,,False,1731,,,1,0,1,1,Optimized,tough,"(200.0, 230.0]","(-0.001, 5.0]","(3.0, 6.0]",0.26915806684361654,0.26380018916335213,1.0,0.5109860853356563
16.333146827590593,7.325485719327518,1.757446839954177,4.038834436786221,203.45790334218083,4.98346738348155,0.25,0.0,0.0,0.21,65.40392061312771,8.97,bo_suggested,0.7279697825213816,25.01142806520155,20.949488128995295,50.97256819644144,8.742038583586123,79.73430309239701,,0.8932484245252212,8.105987212086758,37.051410289318106,0.3859304904238144,0.1830557416462444,0.0,0.0,0.0,0.0,45.0,0.1,0,20250924_221715,04,0.7,0.9,0.9,0.9,0.8,0.6,0.0,0.2,0.0,0.4,0.1,0.04,High,1.0,,,,False,1781,,,1,0,1,1,Optimized,tough,"(200.0, 230.0]","(-0.001, 5.0]","(3.0, 6.0]",0.26915806684361654,0.26380018916335213,1.0,0.5109860853356563
16.333146827590593,7.325485719327518,1.757446839954177,4.038834436786221,203.45790334218083,4.98346738348155,0.25,0.0,0.0,0.21,65.40392061312771,8.97,bo_suggested,0.7279697825213816,25.01142806520155,20.949488128995295,50.97256819644144,8.742038583586123,79.73430309239701,,0.8932484245252212,8.105987212086758,37.051410289318106,0.3859304904238144,0.1830557416462444,0.0,0.0,0.0,0.0,45.0,0.1,0,20250924_221715,04,0.7,0.9,0.9,0.9,0.8,0.8,0.2,0.3,0.1,0.55,0.4,0.143,Medium,0.65,,,,False,1953,,,1,0,1,1,Optimized,tough,"(200.0, 230.0]","(-0.001, 5.0]","(3.0, 6.0]",0.26915806684361654,0.26380018916335213,1.0,0.5109860853356563
16.3565211156917,7.223303744871514,2.757486432138503,7.382091492025355,236.39901586764404,4.997436234401234,0.25,0.0,0.0,0.21,64.48268870729828,8.97,bo_suggested,0.7277072377353226,25.063400750460065,21.61871060885384,61.28597636728079,10.510837279588348,79.72383204905375,,0.8934532040725661,8.1088306612571,37.06314584949181,0.3858947735015466,0.1831577899955809,0.0,0.0,0.0,0.0,45.0,0.1,0,20250924_221715,04,0.3,0.8,0.8,0.9,0.9,0.2,0.1,,0.1,0.4,0.3,0.12,High,1.0,,,,False,1731,,,1,0,1,1,Optimized,tough,"(230.0, 260.0]","(5.0, 10.0]","(3.0, 6.0]",0.9279803173528808,0.8369299700614893,1.0,0.9216367624714566
16.3565211156917,7.223303744871514,2.757486432138503,7.382091492025355,236.39901586764404,4.997436234401234,0.25,0.0,0.0,0.21,64.48268870729828,8.97,bo_suggested,0.7277072377353226,25.063400750460065,21.61871060885384,61.28597636728079,10.510837279588348,79.72383204905375,,0.8934532040725661,8.1088306612571,37.06314584949181,0.3858947735015466,0.1831577899955809,0.0,0.0,0.0,0.0,45.0,0.1,0,20250924_221715,04,0.7,0.9,0.9,0.9,0.8,0.6,0.0,0.2,0.0,0.4,0.1,0.04,High,1.0,,,,False,1781,,,1,0,1,1,Optimized,tough,"(230.0, 260.0]","(5.0, 10.0]","(3.0, 6.0]",0.9279803173528808,0.8369299700614893,1.0,0.9216367624714566
16.3565211156917,7.223303744871514,2.757486432138503,7.382091492025355,236.39901586764404,4.997436234401234,0.25,0.0,0.0,0.21,64.48268870729828,8.97,bo_suggested,0.7277072377353226,25.063400750460065,21.61871060885384,61.28597636728079,10.510837279588348,79.72383204905375,,0.8934532040725661,8.1088306612571,37.06314584949181,0.3858947735015466,0.1831577899955809,0.0,0.0,0.0,0.0,45.0,0.1,0,20250924_221715,04,0.7,0.9,0.9,0.9,0.8,0.8,0.2,0.3,0.1,0.55,0.4,0.143,Medium,0.65,,,,False,1953,,,1,0,1,1,Optimized,tough,"(230.0, 260.0]","(5.0, 10.0]","(3.0, 6.0]",0.9279803173528808,0.8369299700614893,1.0,0.9216367624714566
12.335332188202944,5.746027225572345,1.6242043514889308,2.778721599046236,228.1752567015208,2.863575688205783,0.25,0.0,0.0,0.21,71.11443623473578,8.97,bo_suggested,0.8548334215938709,25.01612020989343,21.322718700502147,37.13128075762228,6.368191765228038,84.45448086319664,,0.8950862303422388,6.769023430420171,31.6644607943197,0.4023255541042444,0.1362127025593017,0.0,0.0,0.0,0.0,45.0,0.1,0,20250924_221715,04,0.3,0.8,0.8,0.9,0.9,0.2,0.1,,0.1,0.4,0.3,0.12,High,1.0,,,,False,1731,,,1,0,1,1,Optimized,tough,"(200.0, 230.0]","(-0.001, 5.0]","(-0.001, 3.0]",0.7635051340304159,0.04778084555078334,1.0,0.603761993193733
12.335332188202944,5.746027225572345,1.6242043514889308,2.778721599046236,228.1752567015208,2.863575688205783,0.25,0.0,0.0,0.21,71.11443623473578,8.97,bo_suggested,0.8548334215938709,25.01612020989343,21.322718700502147,37.13128075762228,6.368191765228038,84.45448086319664,,0.8950862303422388,6.769023430420171,31.6644607943197,0.4023255541042444,0.1362127025593017,0.0,0.0,0.0,0.0,45.0,0.1,0,20250924_221715,04,0.7,0.9,0.9,0.9,0.8,0.6,0.0,0.2,0.0,0.4,0.1,0.04,High,1.0,,,,False,1781,,,1,0,1,1,Optimized,tough,"(200.0, 230.0]","(-0.001, 5.0]","(-0.001, 3.0]",0.7635051340304159,0.04778084555078334,1.0,0.603761993193733
12.335332188202944,5.746027225572345,1.6242043514889308,2.778721599046236,228.1752567015208,2.863575688205783,0.25,0.0,0.0,0.21,71.11443623473578,8.97,bo_suggested,0.8548334215938709,25.01612020989343,21.322718700502147,37.13128075762228,6.368191765228038,84.45448086319664,,0.8950862303422388,6.769023430420171,31.6644607943197,0.4023255541042444,0.1362127025593017,0.0,0.0,0.0,0.0,45.0,0.1,0,20250924_221715,04,0.7,0.9,0.9,0.9,0.8,0.8,0.2,0.3,0.1,0.55,0.4,0.143,Medium,0.65,,,,False,1953,,,1,0,1,1,Optimized,tough,"(200.0, 230.0]","(-0.001, 5.0]","(-0.001, 3.0]",0.7635051340304159,0.04778084555078334,1.0,0.603761993193733
14.138608771570876,10.79217445453419,1.6912717992736672,5.4073187520438,201.66867280972147,5.1440458675671135,0.25,0.0,0.0,0.21,64.19794497462127,8.97,bo_suggested,0.7760175464190163,25.01835556367972,21.591085418500633,56.97690343769733,9.771810717992906,81.59860110224577,,0.8939887244819235,7.591229929198921,34.946768736587345,0.3923359212364733,0.1647545107529334,0.0,0.0,0.0,0.0,45.0,0.1,0,20250924_221715,05,0.2,0.8,0.7,0.7,0.7,0.3,0.0,,0.1,0.3,0.2,0.06,High,1.0,,,,False,1902,,,1,0,1,1,Optimized,tough,"(200.0, 230.0]","(5.0, 10.0]","(3.0, 6.0]",0.23337345619442942,0.4983975003503656,1.0,0.5772569855149317
14.138608771570876,10.79217445453419,1.6912717992736672,5.4073187520438,201.66867280972147,5.1440458675671135,0.25,0.0,0.0,0.21,64.19794497462127,8.97,bo_suggested,0.7760175464190163,25.01835556367972,21.591085418500633,56.97690343769733,9.771810717992906,81.59860110224577,,0.8939887244819235,7.591229929198921,34.946768736587345,0.3923359212364733,0.1647545107529334,0.0,0.0,0.0,0.0,45.0,0.1,0,20250924_221715,05,0.7,0.8,0.8,0.9,0.8,0.6,0.0,,0.1,0.6,0.4,0.156,Medium,0.65,,,,False,2158,,,1,0,1,1,Optimized,tough,"(200.0, 230.0]","(5.0, 10.0]","(3.0, 6.0]",0.23337345619442942,0.4983975003503656,1.0,0.5772569855149317
14.138608771570876,10.79217445453419,1.6912717992736672,5.4073187520438,201.66867280972147,5.1440458675671135,0.25,0.0,0.0,0.21,64.19794497462127,8.97,bo_suggested,0.7760175464190163,25.01835556367972,21.591085418500633,56.97690343769733,9.771810717992906,81.59860110224577,,0.8939887244819235,7.591229929198921,34.946768736587345,0.3923359212364733,0.1647545107529334,0.0,0.0,0.0,0.0,45.0,0.1,0,20250924_221715,05,0.5,0.9,0.7,0.8,0.85,0.6,0.1,,0.1,0.45,0.2,0.09,High,1.0,,,,False,2168,,,1,0,1,1,Optimized,tough,"(200.0, 230.0]","(5.0, 10.0]","(3.0, 6.0]",0.23337345619442942,0.4983975003503656,1.0,0.5772569855149317
13.93262240593024,10.798792642550891,1.800824039756168,7.630813010605353,232.47438935115463,7.400934945562921,0.25,0.0,0.0,0.21,64.2877609117627,8.97,bo_suggested,0.7823719573369152,25.04268328575604,21.70809657405176,57.91839359579463,9.933280770991493,81.83776010214909,,0.8941073848458215,7.523957029143487,34.67459558801515,0.3931642742973452,0.1623877877218708,0.0,0.0,0.0,0.0,45.0,0.1,0,20250924_221715,05,0.2,0.8,0.7,0.7,0.7,0.3,0.0,,0.1,0.3,0.2,0.06,High,1.0,,,,False,1902,,,1,0,1,1,Optimized,tough,"(230.0, 260.0]","(5.0, 10.0]","(6.0, 12.0]",0.8494877870230926,0.8795679446752033,1.0,0.909685243899432
13.93262240593024,10.798792642550891,1.800824039756168,7.630813010605353,232.47438935115463,7.400934945562921,0.25,0.0,0.0,0.21,64.2877609117627,8.97,bo_suggested,0.7823719573369152,25.04268328575604,21.70809657405176,57.91839359579463,9.933280770991493,81.83776010214909,,0.8941073848458215,7.523957029143487,34.67459558801515,0.3931642742973452,0.1623877877218708,0.0,0.0,0.0,0.0,45.0,0.1,0,20250924_221715,05,0.7,0.8,0.8,0.9,0.8,0.6,0.0,,0.1,0.6,0.4,0.156,Medium,0.65,,,,False,2158,,,1,0,1,1,Optimized,tough,"(230.0, 260.0]","(5.0, 10.0]","(6.0, 12.0]",0.8494877870230926,0.8795679446752033,1.0,0.909685243899432
13.93262240593024,10.798792642550891,1.800824039756168,7.630813010605353,232.47438935115463,7.400934945562921,0.25,0.0,0.0,0.21,64.2877609117627,8.97,bo_suggested,0.7823719573369152,25.04268328575604,21.70809657405176,57.91839359579463,9.933280770991493,81.83776010214909,,0.8941073848458215,7.523957029143487,34.67459558801515,0.3931642742973452,0.1623877877218708,0.0,0.0,0.0,0.0,45.0,0.1,0,20250924_221715,05,0.5,0.9,0.7,0.8,0.85,0.6,0.1,,0.1,0.45,0.2,0.09,High,1.0,,,,False,2168,,,1,0,1,1,Optimized,tough,"(230.0, 260.0]","(5.0, 10.0]","(6.0, 12.0]",0.8494877870230926,0.8795679446752033,1.0,0.909685243899432
14.036955466696783,10.716137143533436,1.942633130320765,4.197427396435026,231.68540477451677,5.587107091961329,0.25,0.0,0.0,0.21,64.12427425944901,8.97,bo_suggested,0.7795156703375257,25.017901773606617,21.275507952258135,47.99194625113912,8.230847702473415,81.73046381621288,,0.8940951964003775,7.554173544156411,34.79676453480431,0.3927924557636391,0.1634501263896026,0.0,0.0,0.0,0.0,45.0,0.1,0,20250924_221715,05,0.2,0.8,0.7,0.7,0.7,0.3,0.0,,0.1,0.3,0.2,0.06,High,1.0,,,,False,1902,,,1,0,1,1,Optimized,tough,"(230.0, 260.0]","(-0.001, 5.0]","(3.0, 6.0]",0.8337080954903354,0.2909875536745759,1.0,0.7082318830549704
14.036955466696783,10.716137143533436,1.942633130320765,4.197427396435026,231.68540477451677,5.587107091961329,0.25,0.0,0.0,0.21,64.12427425944901,8.97,bo_suggested,0.7795156703375257,25.017901773606617,21.275507952258135,47.99194625113912,8.230847702473415,81.73046381621288,,0.8940951964003775,7.554173544156411,34.79676453480431,0.3927924557636391,0.1634501263896026,0.0,0.0,0.0,0.0,45.0,0.1,0,20250924_221715,05,0.7,0.8,0.8,0.9,0.8,0.6,0.0,,0.1,0.6,0.4,0.156,Medium,0.65,,,,False,2158,,,1,0,1,1,Optimized,tough,"(230.0, 260.0]","(-0.001, 5.0]","(3.0, 6.0]",0.8337080954903354,0.2909875536745759,1.0,0.7082318830549704
14.036955466696783,10.716137143533436,1.942633130320765,4.197427396435026,231.68540477451677,5.587107091961329,0.25,0.0,0.0,0.21,64.12427425944901,8.97,bo_suggested,0.7795156703375257,25.017901773606617,21.275507952258135,47.99194625113912,8.230847702473415,81.73046381621288,,0.8940951964003775,7.554173544156411,34.79676453480431,0.3927924557636391,0.1634501263896026,0.0,0.0,0.0,0.0,45.0,0.1,0,20250924_221715,05,0.5,0.9,0.7,0.8,0.85,0.6,0.1,,0.1,0.45,0.2,0.09,High,1.0,,,,False,2168,,,1,0,1,1,Optimized,tough,"(230.0, 260.0]","(-0.001, 5.0]","(3.0, 6.0]",0.8337080954903354,0.2909875536745759,1.0,0.7082318830549704
14.200720357013816,8.006751817727686,2.175883096020695,5.945605372000962,204.7182117821717,5.320886591445576,0.25,0.0,0.0,0.21,66.4366447292378,8.97,bo_suggested,0.7874271358339705,25.022425354582,21.789924893270683,57.81959752699056,9.916336773936772,82.02684493356433,,0.8942434025849763,7.470567655636737,34.45905890018385,0.3938202555211796,0.1605135556537726,0.0,0.0,0.0,0.0,45.0,0.1,0,20250924_221715,05,0.2,0.8,0.7,0.7,0.7,0.3,0.0,,0.1,0.3,0.2,0.06,High,1.0,,,,False,1902,,,1,0,1,1,Optimized,tough,"(200.0, 230.0]","(5.0, 10.0]","(3.0, 6.0]",0.29436423564343384,0.5906752066287363,1.0,0.6283464807573901
14.200720357013816,8.006751817727686,2.175883096020695,5.945605372000962,204.7182117821717,5.320886591445576,0.25,0.0,0.0,0.21,66.4366447292378,8.97,bo_suggested,0.7874271358339705,25.022425354582,21.789924893270683,57.81959752699056,9.916336773936772,82.02684493356433,,0.8942434025849763,7.470567655636737,34.45905890018385,0.3938202555211796,0.1605135556537726,0.0,0.0,0.0,0.0,45.0,0.1,0,20250924_221715,05,0.7,0.8,0.8,0.9,0.8,0.6,0.0,,0.1,0.6,0.4,0.156,Medium,0.65,,,,False,2158,,,1,0,1,1,Optimized,tough,"(200.0, 230.0]","(5.0, 10.0]","(3.0, 6.0]",0.29436423564343384,0.5906752066287363,1.0,0.6283464807573901
14.200720357013816,8.006751817727686,2.175883096020695,5.945605372000962,204.7182117821717,5.320886591445576,0.25,0.0,0.0,0.21,66.4366447292378,8.97,bo_suggested,0.7874271358339705,25.022425354582,21.789924893270683,57.81959752699056,9.916336773936772,82.02684493356433,,0.8942434025849763,7.470567655636737,34.45905890018385,0.3938202555211796,0.1605135556537726,0.0,0.0,0.0,0.0,45.0,0.1,0,20250924_221715,05,0.5,0.9,0.7,0.8,0.85,0.6,0.1,,0.1,0.45,0.2,0.09,High,1.0,,,,False,2168,,,1,0,1,1,Optimized,tough,"(200.0, 230.0]","(5.0, 10.0]","(3.0, 6.0]",0.29436423564343384,0.5906752066287363,1.0,0.6283464807573901
17.823529546626965,4.188921011669534,2.5057928419229243,6.115043487504336,218.03494012904815,2.3553747750932272,0.25,0.0,0.0,0.21,66.30175659978057,8.97,bo_suggested,0.702257528475804,25.067515483169895,21.47752764760149,62.1886599876363,10.66565182625798,78.69321882389134,,0.8929769831930378,8.386129679035122,38.21353279750842,0.38239359583367,0.1931611547609427,0.0,0.0,0.0,0.0,45.0,0.1,0,20250924_221715,06,0.8,0.9,0.8,0.7,0.8,0.7,0.1,0.2,,0.6,0.7,0.273,Medium,0.65,,,,False,1603,,,1,0,1,1,Optimized,tough,"(200.0, 230.0]","(5.0, 10.0]","(-0.001, 3.0]",0.560698802580963,0.619721740715029,1.0,0.7268068477653307
17.823529546626965,4.188921011669534,2.5057928419229243,6.115043487504336,218.03494012904815,2.3553747750932272,0.25,0.0,0.0,0.21,66.30175659978057,8.97,bo_suggested,0.702257528475804,25.067515483169895,21.47752764760149,62.1886599876363,10.66565182625798,78.69321882389134,,0.8929769831930378,8.386129679035122,38.21353279750842,0.38239359583367,0.1931611547609427,0.0,0.0,0.0,0.0,45.0,0.1,0,20250924_221715,06,0.8,0.9,0.9,0.8,0.9,0.8,0.1,,0.0,0.6,0.4,0.24,High,1.0,,,,False,1502,0.2,,1,0,1,1,Optimized,tough,"(200.0, 230.0]","(5.0, 10.0]","(-0.001, 3.0]",0.560698802580963,0.619721740715029,1.0,0.7268068477653307
17.823529546626965,4.188921011669534,2.5057928419229243,6.115043487504336,218.03494012904815,2.3553747750932272,0.25,0.0,0.0,0.21,66.30175659978057,8.97,bo_suggested,0.702257528475804,25.067515483169895,21.47752764760149,62.1886599876363,10.66565182625798,78.69321882389134,,0.8929769831930378,8.386129679035122,38.21353279750842,0.38239359583367,0.1931611547609427,0.0,0.0,0.0,0.0,45.0,0.1,0,20250924_221715,06,0.8,0.5,0.8,0.7,0.7,0.6,0.0,0.2,0.1,0.4,0.2,0.08,High,1.0,,,,False,1839,,,1,0,1,1,Optimized,tough,"(200.0, 230.0]","(5.0, 10.0]","(-0.001, 3.0]",0.560698802580963,0.619721740715029,1.0,0.7268068477653307
17.823529546626965,4.188921011669534,2.5057928419229243,6.115043487504336,218.03494012904815,2.3553747750932272,0.25,0.0,0.0,0.21,66.30175659978057,8.97,bo_suggested,0.702257528475804,25.067515483169895,21.47752764760149,62.1886599876363,10.66565182625798,78.69321882389134,,0.8929769831930378,8.386129679035122,38.21353279750842,0.38239359583367,0.1931611547609427,0.0,0.0,0.0,0.0,45.0,0.1,0,20250924_221715,06,0.6,0.9,0.6,0.9,0.85,0.8,0.8,0.5,0.1,0.7,0.5,0.2275,Medium,0.65,,,,False,2168,,,1,0,1,1,Optimized,tough,"(200.0, 230.0]","(5.0, 10.0]","(-0.001, 3.0]",0.560698802580963,0.619721740715029,1.0,0.7268068477653307
17.107653956848733,5.916370668055565,2.3753821045169894,6.326453435753622,219.30206734832336,6.922507546564638,0.25,0.0,0.0,0.21,65.4205932705787,8.97,bo_suggested,0.7131799288469782,25.02507777703496,21.461008594038866,60.95073819207732,10.4533423334631,79.13936629099057,,0.893135933264023,8.266710232892436,37.71667572464284,0.3839057695336957,0.1888406584751551,0.0,0.0,0.0,0.0,45.0,0.1,0,20250924_221715,06,0.8,0.9,0.8,0.7,0.8,0.7,0.1,0.2,,0.6,0.7,0.273,Medium,0.65,,,,False,1603,,,1,0,1,1,Optimized,tough,"(200.0, 230.0]","(5.0, 10.0]","(6.0, 12.0]",0.5860413469664673,0.6559634461291923,1.0,0.7473349310318865
17.107653956848733,5.916370668055565,2.3753821045169894,6.326453435753622,219.30206734832336,6.922507546564638,0.25,0.0,0.0,0.21,65.4205932705787,8.97,bo_suggested,0.7131799288469782,25.02507777703496,21.461008594038866,60.95073819207732,10.4533423334631,79.13936629099057,,0.893135933264023,8.266710232892436,37.71667572464284,0.3839057695336957,0.1888406584751551,0.0,0.0,0.0,0.0,45.0,0.1,0,20250924_221715,06,0.8,0.9,0.9,0.8,0.9,0.8,0.1,,0.0,0.6,0.4,0.24,High,1.0,,,,False,1502,0.2,,1,0,1,1,Optimized,tough,"(200.0, 230.0]","(5.0, 10.0]","(6.0, 12.0]",0.5860413469664673,0.6559634461291923,1.0,0.7473349310318865
17.107653956848733,5.916370668055565,2.3753821045169894,6.326453435753622,219.30206734832336,6.922507546564638,0.25,0.0,0.0,0.21,65.4205932705787,8.97,bo_suggested,0.7131799288469782,25.02507777703496,21.461008594038866,60.95073819207732,10.4533423334631,79.13936629099057,,0.893135933264023,8.266710232892436,37.71667572464284,0.3839057695336957,0.1888406584751551,0.0,0.0,0.0,0.0,45.0,0.1,0,20250924_221715,06,0.8,0.5,0.8,0.7,0.7,0.6,0.0,0.2,0.1,0.4,0.2,0.08,High,1.0,,,,False,1839,,,1,0,1,1,Optimized,tough,"(200.0, 230.0]","(5.0, 10.0]","(6.0, 12.0]",0.5860413469664673,0.6559634461291923,1.0,0.7473349310318865
17.107653956848733,5.916370668055565,2.3753821045169894,6.326453435753622,219.30206734832336,6.922507546564638,0.25,0.0,0.0,0.21,65.4205932705787,8.97,bo_suggested,0.7131799288469782,25.02507777703496,21.461008594038866,60.95073819207732,10.4533423334631,79.13936629099057,,0.893135933264023,8.266710232892436,37.71667572464284,0.3839057695336957,0.1888406584751551,0.0,0.0,0.0,0.0,45.0,0.1,0,20250924_221715,06,0.6,0.9,0.6,0.9,0.85,0.8,0.8,0.5,0.1,0.7,0.5,0.2275,Medium,0.65,,,,False,2168,,,1,0,1,1,Optimized,tough,"(200.0, 230.0]","(5.0, 10.0]","(6.0, 12.0]",0.5860413469664673,0.6559634461291923,1.0,0.7473349310318865
16.620383834775417,6.8372366708769245,1.1180129092205409,6.180097073219217,219.54473862825944,1.5836746891647728,0.25,0.0,0.0,0.21,66.24436658512712,8.97,bo_suggested,0.7223318257968459,25.10524230290135,20.993204121136923,58.154970259963704,9.973854797361351,79.50873498990688,,0.8930241841991449,8.16712439736381,37.304007035334976,0.3851617177185457,0.1852522350898693,0.0,0.0,0.0,0.0,45.0,0.1,0,20250924_221715,06,0.8,0.9,0.8,0.7,0.8,0.7,0.1,0.2,,0.6,0.7,0.273,Medium,0.65,,,,False,1603,,,1,0,1,1,Optimized,tough,"(200.0, 230.0]","(5.0, 10.0]","(-0.001, 3.0]",0.5908947725651887,0.6308737839804371,1.0,0.740589518848542
16.620383834775417,6.8372366708769245,1.1180129092205409,6.180097073219217,219.54473862825944,1.5836746891647728,0.25,0.0,0.0,0.21,66.24436658512712,8.97,bo_suggested,0.7223318257968459,25.10524230290135,20.993204121136923,58.154970259963704,9.973854797361351,79.50873498990688,,0.8930241841991449,8.16712439736381,37.304007035334976,0.3851617177185457,0.1852522350898693,0.0,0.0,0.0,0.0,45.0,0.1,0,20250924_221715,06,0.8,0.9,0.9,0.8,0.9,0.8,0.1,,0.0,0.6,0.4,0.24,High,1.0,,,,False,1502,0.2,,1,0,1,1,Optimized,tough,"(200.0, 230.0]","(5.0, 10.0]","(-0.001, 3.0]",0.5908947725651887,0.6308737839804371,1.0,0.740589518848542
16.620383834775417,6.8372366708769245,1.1180129092205409,6.180097073219217,219.54473862825944,1.5836746891647728,0.25,0.0,0.0,0.21,66.24436658512712,8.97,bo_suggested,0.7223318257968459,25.10524230290135,20.993204121136923,58.154970259963704,9.973854797361351,79.50873498990688,,0.8930241841991449,8.16712439736381,37.304007035334976,0.3851617177185457,0.1852522350898693,0.0,0.0,0.0,0.0,45.0,0.1,0,20250924_221715,06,0.8,0.5,0.8,0.7,0.7,0.6,0.0,0.2,0.1,0.4,0.2,0.08,High,1.0,,,,False,1839,,,1,0,1,1,Optimized,tough,"(200.0, 230.0]","(5.0, 10.0]","(-0.001, 3.0]",0.5908947725651887,0.6308737839804371,1.0,0.740589518848542
16.620383834775417,6.8372366708769245,1.1180129092205409,6.180097073219217,219.54473862825944,1.5836746891647728,0.25,0.0,0.0,0.21,66.24436658512712,8.97,bo_suggested,0.7223318257968459,25.10524230290135,20.993204121136923,58.154970259963704,9.973854797361351,79.50873498990688,,0.8930241841991449,8.16712439736381,37.304007035334976,0.3851617177185457,0.1852522350898693,0.0,0.0,0.0,0.0,45.0,0.1,0,20250924_221715,06,0.6,0.9,0.6,0.9,0.85,0.8,0.8,0.5,0.1,0.7,0.5,0.2275,Medium,0.65,,,,False,2168,,,1,0,1,1,Optimized,tough,"(200.0, 230.0]","(5.0, 10.0]","(-0.001, 3.0]",0.5908947725651887,0.6308737839804371,1.0,0.740589518848542
9.008765232722697,5.846947339798162,2.5027884946393746,3.2475374615943107,225.62703651462184,5.510203066495053,0.25,0.0,0.0,0.21,73.46149893283976,8.97,bo_suggested,0.9625341646310888,25.010405670907904,21.874756092275128,24.08783768260935,4.131179060960711,88.01618878694926,,0.89672746620812,5.683854754556352,27.4733627624571,0.4150810698533914,0.099768371847453,0.0,0.0,0.0,0.0,45.0,0.1,0,20250924_221715,06,0.8,0.9,0.8,0.7,0.8,0.7,0.1,0.2,,0.6,0.7,0.273,Medium,0.65,,,,False,1603,,,1,0,1,1,Optimized,tough,"(200.0, 230.0]","(-0.001, 5.0]","(3.0, 6.0]",0.7125407302924367,0.12814927913045324,1.0,0.6135633364742966
9.008765232722697,5.846947339798162,2.5027884946393746,3.2475374615943107,225.62703651462184,5.510203066495053,0.25,0.0,0.0,0.21,73.46149893283976,8.97,bo_suggested,0.9625341646310888,25.010405670907904,21.874756092275128,24.08783768260935,4.131179060960711,88.01618878694926,,0.89672746620812,5.683854754556352,27.4733627624571,0.4150810698533914,0.099768371847453,0.0,0.0,0.0,0.0,45.0,0.1,0,20250924_221715,06,0.8,0.9,0.9,0.8,0.9,0.8,0.1,,0.0,0.6,0.4,0.24,High,1.0,,,,False,1502,0.2,,1,0,1,1,Optimized,tough,"(200.0, 230.0]","(-0.001, 5.0]","(3.0, 6.0]",0.7125407302924367,0.12814927913045324,1.0,0.6135633364742966
9.008765232722697,5.846947339798162,2.5027884946393746,3.2475374615943107,225.62703651462184,5.510203066495053,0.25,0.0,0.0,0.21,73.46149893283976,8.97,bo_suggested,0.9625341646310888,25.010405670907904,21.874756092275128,24.08783768260935,4.131179060960711,88.01618878694926,,0.89672746620812,5.683854754556352,27.4733627624571,0.4150810698533914,0.099768371847453,0.0,0.0,0.0,0.0,45.0,0.1,0,20250924_221715,06,0.8,0.5,0.8,0.7,0.7,0.6,0.0,0.2,0.1,0.4,0.2,0.08,High,1.0,,,,False,1839,,,1,0,1,1,Optimized,tough,"(200.0, 230.0]","(-0.001, 5.0]","(3.0, 6.0]",0.7125407302924367,0.12814927913045324,1.0,0.6135633364742966
9.008765232722697,5.846947339798162,2.5027884946393746,3.2475374615943107,225.62703651462184,5.510203066495053,0.25,0.0,0.0,0.21,73.46149893283976,8.97,bo_suggested,0.9625341646310888,25.010405670907904,21.874756092275128,24.08783768260935,4.131179060960711,88.01618878694926,,0.89672746620812,5.683854754556352,27.4733627624571,0.4150810698533914,0.099768371847453,0.0,0.0,0.0,0.0,45.0,0.1,0,20250924_221715,06,0.6,0.9,0.6,0.9,0.85,0.8,0.8,0.5,0.1,0.7,0.5,0.2275,Medium,0.65,,,,False,2168,,,1,0,1,1,Optimized,tough,"(200.0, 230.0]","(-0.001, 5.0]","(3.0, 6.0]",0.7125407302924367,0.12814927913045324,1.0,0.6135633364742966
17.132526339782135,0.6042630686619367,2.132557127685325,7.262878322106881,217.43798868448357,4.462176465628838,0.25,0.0,0.0,0.21,70.95065346387061,8.97,bo_suggested,0.7382714735200789,25.049338029480296,21.56070401422988,60.375514015622855,10.35468864339599,80.14264889814412,,0.8934426965066248,7.994686870444847,36.59300582501352,0.387325634445611,0.1790696158696827,0.0,0.0,0.0,0.0,45.0,0.1,0,20250924_221715,07,0.9,0.9,0.9,0.85,0.9,0.9,,0.7,0.1,0.9,0.5,0.2925,Medium,0.65,,,,False,1620,,,1,0,1,1,Optimized,tough,"(200.0, 230.0]","(5.0, 10.0]","(3.0, 6.0]",0.5487597736896714,0.8164934266468938,1.0,0.7884177334455217
17.132526339782135,0.6042630686619367,2.132557127685325,7.262878322106881,217.43798868448357,4.462176465628838,0.25,0.0,0.0,0.21,70.95065346387061,8.97,bo_suggested,0.7382714735200789,25.049338029480296,21.56070401422988,60.375514015622855,10.35468864339599,80.14264889814412,,0.8934426965066248,7.994686870444847,36.59300582501352,0.387325634445611,0.1790696158696827,0.0,0.0,0.0,0.0,45.0,0.1,0,20250924_221715,07,0.8,0.9,1.0,0.8,0.9,0.5,,,0.0,0.75,0.3,0.225,High,1.0,,,,False,1509,,0.9,1,0,1,1,Optimized,tough,"(200.0, 230.0]","(5.0, 10.0]","(3.0, 6.0]",0.5487597736896714,0.8164934266468938,1.0,0.7884177334455217
17.132526339782135,0.6042630686619367,2.132557127685325,7.262878322106881,217.43798868448357,4.462176465628838,0.25,0.0,0.0,0.21,70.95065346387061,8.97,bo_suggested,0.7382714735200789,25.049338029480296,21.56070401422988,60.375514015622855,10.35468864339599,80.14264889814412,,0.8934426965066248,7.994686870444847,36.59300582501352,0.387325634445611,0.1790696158696827,0.0,0.0,0.0,0.0,45.0,0.1,0,20250924_221715,07,0.9,0.8,1.0,0.9,0.9,1.0,1.0,,,0.9,0.75,0.675,High,1.0,,,,False,1873,,0.9,1,0,1,1,Optimized,tough,"(200.0, 230.0]","(5.0, 10.0]","(3.0, 6.0]",0.5487597736896714,0.8164934266468938,1.0,0.7884177334455217
17.132526339782135,0.6042630686619367,2.132557127685325,7.262878322106881,217.43798868448357,4.462176465628838,0.25,0.0,0.0,0.21,70.95065346387061,8.97,bo_suggested,0.7382714735200789,25.049338029480296,21.56070401422988,60.375514015622855,10.35468864339599,80.14264889814412,,0.8934426965066248,7.994686870444847,36.59300582501352,0.387325634445611,0.1790696158696827,0.0,0.0,0.0,0.0,45.0,0.1,0,20250924_221715,07,0.4,0.8,0.6,0.7,0.8,0.3,0.0,0.1,0.2,0.3,0.1,0.03,High,1.0,,,,False,1946,,,1,0,1,1,Optimized,tough,"(200.0, 230.0]","(5.0, 10.0]","(3.0, 6.0]",0.5487597736896714,0.8164934266468938,1.0,0.7884177334455217
17.473032300209333,0.9052670549834064,1.6458950629331928,4.6422946673060395,217.37012991515903,6.673300106639701,0.25,0.0,0.0,0.21,70.79580558187408,8.97,bo_suggested,0.7277766258004695,25.014014656456713,20.807771880563497,49.414067626624565,8.474748301853149,79.72659975780572,,0.8931865545978571,8.108079131388866,37.060043996332645,0.385904213924205,0.1831308173594143,0.0,0.0,0.0,0.0,45.0,0.1,0,20250924_221715,07,0.9,0.9,0.9,0.85,0.9,0.9,,0.7,0.1,0.9,0.5,0.2925,Medium,0.65,,,,False,1620,,,1,0,1,1,Optimized,tough,"(200.0, 230.0]","(-0.001, 5.0]","(6.0, 12.0]",0.5474025983031805,0.367250514395321,1.0,0.6382177042328339
17.473032300209333,0.9052670549834064,1.6458950629331928,4.6422946673060395,217.37012991515903,6.673300106639701,0.25,0.0,0.0,0.21,70.79580558187408,8.97,bo_suggested,0.7277766258004695,25.014014656456713,20.807771880563497,49.414067626624565,8.474748301853149,79.72659975780572,,0.8931865545978571,8.108079131388866,37.060043996332645,0.385904213924205,0.1831308173594143,0.0,0.0,0.0,0.0,45.0,0.1,0,20250924_221715,07,0.8,0.9,1.0,0.8,0.9,0.5,,,0.0,0.75,0.3,0.225,High,1.0,,,,False,1509,,0.9,1,0,1,1,Optimized,tough,"(200.0, 230.0]","(-0.001, 5.0]","(6.0, 12.0]",0.5474025983031805,0.367250514395321,1.0,0.6382177042328339
17.473032300209333,0.9052670549834064,1.6458950629331928,4.6422946673060395,217.37012991515903,6.673300106639701,0.25,0.0,0.0,0.21,70.79580558187408,8.97,bo_suggested,0.7277766258004695,25.014014656456713,20.807771880563497,49.414067626624565,8.474748301853149,79.72659975780572,,0.8931865545978571,8.108079131388866,37.060043996332645,0.385904213924205,0.1831308173594143,0.0,0.0,0.0,0.0,45.0,0.1,0,20250924_221715,07,0.9,0.8,1.0,0.9,0.9,1.0,1.0,,,0.9,0.75,0.675,High,1.0,,,,False,1873,,0.9,1,0,1,1,Optimized,tough,"(200.0, 230.0]","(-0.001, 5.0]","(6.0, 12.0]",0.5474025983031805,0.367250514395321,1.0,0.6382177042328339
17.473032300209333,0.9052670549834064,1.6458950629331928,4.6422946673060395,217.37012991515903,6.673300106639701,0.25,0.0,0.0,0.21,70.79580558187408,8.97,bo_suggested,0.7277766258004695,25.014014656456713,20.807771880563497,49.414067626624565,8.474748301853149,79.72659975780572,,0.8931865545978571,8.108079131388866,37.060043996332645,0.385904213924205,0.1831308173594143,0.0,0.0,0.0,0.0,45.0,0.1,0,20250924_221715,07,0.4,0.8,0.6,0.7,0.8,0.3,0.0,0.1,0.2,0.3,0.1,0.03,High,1.0,,,,False,1946,,,1,0,1,1,Optimized,tough,"(200.0, 230.0]","(-0.001, 5.0]","(6.0, 12.0]",0.5474025983031805,0.367250514395321,1.0,0.6382177042328339
8.664913308274498,0.8893334381535993,1.4070457499601312,6.6304613288153424,218.0802968426641,1.8822157081288169,0.25,0.0,0.0,0.21,79.85870750361177,8.97,bo_suggested,0.989126706795192,25.098930276471865,22.232081738751425,41.53354731827821,7.123201479083733,88.84350884122145,,0.8968200133298441,5.4219124050328045,26.484518865733868,0.4180905947564621,0.091169729267251,0.0,0.0,0.0,0.0,45.0,0.1,0,20250924_221715,07,0.9,0.9,0.9,0.85,0.9,0.9,,0.7,0.1,0.9,0.5,0.2925,Medium,0.65,,,,False,1620,,,1,0,1,1,Optimized,tough,"(200.0, 230.0]","(5.0, 10.0]","(-0.001, 3.0]",0.561605936853282,0.7080790849397729,1.0,0.7565616739310183
8.664913308274498,0.8893334381535993,1.4070457499601312,6.6304613288153424,218.0802968426641,1.8822157081288169,0.25,0.0,0.0,0.21,79.85870750361177,8.97,bo_suggested,0.989126706795192,25.098930276471865,22.232081738751425,41.53354731827821,7.123201479083733,88.84350884122145,,0.8968200133298441,5.4219124050328045,26.484518865733868,0.4180905947564621,0.091169729267251,0.0,0.0,0.0,0.0,45.0,0.1,0,20250924_221715,07,0.8,0.9,1.0,0.8,0.9,0.5,,,0.0,0.75,0.3,0.225,High,1.0,,,,False,1509,,0.9,1,0,1,1,Optimized,tough,"(200.0, 230.0]","(5.0, 10.0]","(-0.001, 3.0]",0.561605936853282,0.7080790849397729,1.0,0.7565616739310183
8.664913308274498,0.8893334381535993,1.4070457499601312,6.6304613288153424,218.0802968426641,1.8822157081288169,0.25,0.0,0.0,0.21,79.85870750361177,8.97,bo_suggested,0.989126706795192,25.098930276471865,22.232081738751425,41.53354731827821,7.123201479083733,88.84350884122145,,0.8968200133298441,5.4219124050328045,26.484518865733868,0.4180905947564621,0.091169729267251,0.0,0.0,0.0,0.0,45.0,0.1,0,20250924_221715,07,0.9,0.8,1.0,0.9,0.9,1.0,1.0,,,0.9,0.75,0.675,High,1.0,,,,False,1873,,0.9,1,0,1,1,Optimized,tough,"(200.0, 230.0]","(5.0, 10.0]","(-0.001, 3.0]",0.561605936853282,0.7080790849397729,1.0,0.7565616739310183
8.664913308274498,0.8893334381535993,1.4070457499601312,6.6304613288153424,218.0802968426641,1.8822157081288169,0.25,0.0,0.0,0.21,79.85870750361177,8.97,bo_suggested,0.989126706795192,25.098930276471865,22.232081738751425,41.53354731827821,7.123201479083733,88.84350884122145,,0.8968200133298441,5.4219124050328045,26.484518865733868,0.4180905947564621,0.091169729267251,0.0,0.0,0.0,0.0,45.0,0.1,0,20250924_221715,07,0.4,0.8,0.6,0.7,0.8,0.3,0.0,0.1,0.2,0.3,0.1,0.03,High,1.0,,,,False,1946,,,1,0,1,1,Optimized,tough,"(200.0, 230.0]","(5.0, 10.0]","(-0.001, 3.0]",0.561605936853282,0.7080790849397729,1.0,0.7565616739310183
9.798696116139736,13.110165333573011,1.025679371502313,8.139407883772915,223.0536323272935,3.786732789209112,0.25,0.0,0.0,0.21,66.88545917878494,8.97,bo_suggested,0.909250204115952,25.080481675707308,21.721185951754617,46.780664337674,8.023107076529218,86.29867924911882,,0.8957479885746287,6.21563564135109,29.50779774146985,0.4088893112216135,0.11745911079539,0.0,0.0,0.0,0.0,45.0,0.1,0,20250924_221715,07,0.9,0.9,0.9,0.85,0.9,0.9,,0.7,0.1,0.9,0.5,0.2925,Medium,0.65,,,,False,1620,,,1,0,1,1,Optimized,tough,"(200.0, 230.0]","(5.0, 10.0]","(3.0, 6.0]",0.6610726465458703,0.9667556372182139,1.0,0.8759427612546947
9.798696116139736,13.110165333573011,1.025679371502313,8.139407883772915,223.0536323272935,3.786732789209112,0.25,0.0,0.0,0.21,66.88545917878494,8.97,bo_suggested,0.909250204115952,25.080481675707308,21.721185951754617,46.780664337674,8.023107076529218,86.29867924911882,,0.8957479885746287,6.21563564135109,29.50779774146985,0.4088893112216135,0.11745911079539,0.0,0.0,0.0,0.0,45.0,0.1,0,20250924_221715,07,0.8,0.9,1.0,0.8,0.9,0.5,,,0.0,0.75,0.3,0.225,High,1.0,,,,False,1509,,0.9,1,0,1,1,Optimized,tough,"(200.0, 230.0]","(5.0, 10.0]","(3.0, 6.0]",0.6610726465458703,0.9667556372182139,1.0,0.8759427612546947
9.798696116139736,13.110165333573011,1.025679371502313,8.139407883772915,223.0536323272935,3.786732789209112,0.25,0.0,0.0,0.21,66.88545917878494,8.97,bo_suggested,0.909250204115952,25.080481675707308,21.721185951754617,46.780664337674,8.023107076529218,86.29867924911882,,0.8957479885746287,6.21563564135109,29.50779774146985,0.4088893112216135,0.11745911079539,0.0,0.0,0.0,0.0,45.0,0.1,0,20250924_221715,07,0.9,0.8,1.0,0.9,0.9,1.0,1.0,,,0.9,0.75,0.675,High,1.0,,,,False,1873,,0.9,1,0,1,1,Optimized,tough,"(200.0, 230.0]","(5.0, 10.0]","(3.0, 6.0]",0.6610726465458703,0.9667556372182139,1.0,0.8759427612546947
9.798696116139736,13.110165333573011,1.025679371502313,8.139407883772915,223.0536323272935,3.786732789209112,0.25,0.0,0.0,0.21,66.88545917878494,8.97,bo_suggested,0.909250204115952,25.080481675707308,21.721185951754617,46.780664337674,8.023107076529218,86.29867924911882,,0.8957479885746287,6.21563564135109,29.50779774146985,0.4088893112216135,0.11745911079539,0.0,0.0,0.0,0.0,45.0,0.1,0,20250924_221715,07,0.4,0.8,0.6,0.7,0.8,0.3,0.0,0.1,0.2,0.3,0.1,0.03,High,1.0,,,,False,1946,,,1,0,1,1,Optimized,tough,"(200.0, 230.0]","(5.0, 10.0]","(3.0, 6.0]",0.6610726465458703,0.9667556372182139,1.0,0.8759427612546947
14.080441980222028,11.50458142777428,1.469346556306205,4.817083656632658,217.79094262036097,7.9263095571467534,0.25,0.0,0.0,0.21,63.76563003569749,8.97,bo_suggested,0.774330940611671,25.012724897153497,20.939133239926353,44.06892355197856,7.558030596845609,81.53484355026853,,0.893919397379688,7.6091162528441645,35.01924399525265,0.3921153443622746,0.1653847303935013,0.0,0.0,0.0,0.0,45.0,0.1,0,20250924_221715,08,0.2,0.8,0.6,0.7,0.7,0.1,0.0,,,0.2,0.1,0.02,High,1.0,,,,False,1881,,,1,0,1,1,Optimized,tough,"(200.0, 230.0]","(-0.001, 5.0]","(6.0, 12.0]",0.5558188524072193,0.397214341137027,1.0,0.6510110645147488
14.080441980222028,11.50458142777428,1.469346556306205,4.817083656632658,217.79094262036097,7.9263095571467534,0.25,0.0,0.0,0.21,63.76563003569749,8.97,bo_suggested,0.774330940611671,25.012724897153497,20.939133239926353,44.06892355197856,7.558030596845609,81.53484355026853,,0.893919397379688,7.6091162528441645,35.01924399525265,0.3921153443622746,0.1653847303935013,0.0,0.0,0.0,0.0,45.0,0.1,0,20250924_221715,08,0.2,0.9,0.5,0.8,0.8,0.2,0.0,0.6,0.0,0.3,0.1,0.03,High,1.0,,,,False,1734,,,1,0,1,1,Optimized,tough,"(200.0, 230.0]","(-0.001, 5.0]","(6.0, 12.0]",0.5558188524072193,0.397214341137027,1.0,0.6510110645147488
14.080441980222028,11.50458142777428,1.469346556306205,4.817083656632658,217.79094262036097,7.9263095571467534,0.25,0.0,0.0,0.21,63.76563003569749,8.97,bo_suggested,0.774330940611671,25.012724897153497,20.939133239926353,44.06892355197856,7.558030596845609,81.53484355026853,,0.893919397379688,7.6091162528441645,35.01924399525265,0.3921153443622746,0.1653847303935013,0.0,0.0,0.0,0.0,45.0,0.1,0,20250924_221715,08,0.8,0.7,0.9,0.6,0.7,0.9,0.5,0.0,0.1,0.6,0.4,0.156,Medium,0.65,,,,False,2373,,,1,0,1,1,Optimized,tough,"(200.0, 230.0]","(-0.001, 5.0]","(6.0, 12.0]",0.5558188524072193,0.397214341137027,1.0,0.6510110645147488
14.080441980222028,11.50458142777428,1.469346556306205,4.817083656632658,217.79094262036097,7.9263095571467534,0.25,0.0,0.0,0.21,63.76563003569749,8.97,bo_suggested,0.774330940611671,25.012724897153497,20.939133239926353,44.06892355197856,7.558030596845609,81.53484355026853,,0.893919397379688,7.6091162528441645,35.01924399525265,0.3921153443622746,0.1653847303935013,0.0,0.0,0.0,0.0,45.0,0.1,0,20250924_221715,08,0.8,0.9,0.8,0.8,0.8,0.6,0.9,0.7,0.1,0.75,0.5,0.24375,Medium,0.65,,,,False,2178,,,1,0,1,1,Optimized,tough,"(200.0, 230.0]","(-0.001, 5.0]","(6.0, 12.0]",0.5558188524072193,0.397214341137027,1.0,0.6510110645147488
13.97785137632834,11.478454321283987,2.795929350265451,3.323856769035765,202.42891405737072,5.874172140592258,0.25,0.0,0.0,0.21,62.56776495212222,8.97,bo_suggested,0.7775208094512689,25.006767698587208,20.7426531695277,35.11305884097295,6.02205707965378,81.65532874182895,,0.8942584242399411,7.575298782405804,34.88225502740981,0.3925322673078832,0.1641935219774765,0.0,0.0,0.0,0.0,45.0,0.1,0,20250924_221715,08,0.2,0.8,0.6,0.7,0.7,0.1,0.0,,,0.2,0.1,0.02,High,1.0,,,,False,1881,,,1,0,1,1,Optimized,tough,"(200.0, 230.0]","(-0.001, 5.0]","(3.0, 6.0]",0.24857828114741437,0.1412325889775597,1.0,0.46327029004165804
13.97785137632834,11.478454321283987,2.795929350265451,3.323856769035765,202.42891405737072,5.874172140592258,0.25,0.0,0.0,0.21,62.56776495212222,8.97,bo_suggested,0.7775208094512689,25.006767698587208,20.7426531695277,35.11305884097295,6.02205707965378,81.65532874182895,,0.8942584242399411,7.575298782405804,34.88225502740981,0.3925322673078832,0.1641935219774765,0.0,0.0,0.0,0.0,45.0,0.1,0,20250924_221715,08,0.2,0.9,0.5,0.8,0.8,0.2,0.0,0.6,0.0,0.3,0.1,0.03,High,1.0,,,,False,1734,,,1,0,1,1,Optimized,tough,"(200.0, 230.0]","(-0.001, 5.0]","(3.0, 6.0]",0.24857828114741437,0.1412325889775597,1.0,0.46327029004165804
13.97785137632834,11.478454321283987,2.795929350265451,3.323856769035765,202.42891405737072,5.874172140592258,0.25,0.0,0.0,0.21,62.56776495212222,8.97,bo_suggested,0.7775208094512689,25.006767698587208,20.7426531695277,35.11305884097295,6.02205707965378,81.65532874182895,,0.8942584242399411,7.575298782405804,34.88225502740981,0.3925322673078832,0.1641935219774765,0.0,0.0,0.0,0.0,45.0,0.1,0,20250924_221715,08,0.8,0.7,0.9,0.6,0.7,0.9,0.5,0.0,0.1,0.6,0.4,0.156,Medium,0.65,,,,False,2373,,,1,0,1,1,Optimized,tough,"(200.0, 230.0]","(-0.001, 5.0]","(3.0, 6.0]",0.24857828114741437,0.1412325889775597,1.0,0.46327029004165804
13.97785137632834,11.478454321283987,2.795929350265451,3.323856769035765,202.42891405737072,5.874172140592258,0.25,0.0,0.0,0.21,62.56776495212222,8.97,bo_suggested,0.7775208094512689,25.006767698587208,20.7426531695277,35.11305884097295,6.02205707965378,81.65532874182895,,0.8942584242399411,7.575298782405804,34.88225502740981,0.3925322673078832,0.1641935219774765,0.0,0.0,0.0,0.0,45.0,0.1,0,20250924_221715,08,0.8,0.9,0.8,0.8,0.8,0.6,0.9,0.7,0.1,0.75,0.5,0.24375,Medium,0.65,,,,False,2178,,,1,0,1,1,Optimized,tough,"(200.0, 230.0]","(-0.001, 5.0]","(3.0, 6.0]",0.24857828114741437,0.1412325889775597,1.0,0.46327029004165804
15.77330017084531,1.4456227195013076,1.4626280075965266,4.5983962676376775,237.6395295418723,1.5666335623480856,0.25,0.0,0.0,0.21,72.13844910205685,8.97,bo_suggested,0.77177464024769,25.083662184049288,21.4363184052286,57.17866473257935,9.806413742461586,81.43798427826617,,0.8938251658150514,7.636250237629778,35.12927969798975,0.3917804530930747,0.1663415625912152,0.0,0.0,0.0,0.0,45.0,0.1,0,20250924_221715,08,0.2,0.8,0.6,0.7,0.7,0.1,0.0,,,0.2,0.1,0.02,High,1.0,,,,False,1881,,,1,0,1,1,Optimized,tough,"(230.0, 260.0]","(-0.001, 5.0]","(-0.001, 3.0]",0.9527905908374459,0.3597250744521733,1.0,0.7708385550965398
15.77330017084531,1.4456227195013076,1.4626280075965266,4.5983962676376775,237.6395295418723,1.5666335623480856,0.25,0.0,0.0,0.21,72.13844910205685,8.97,bo_suggested,0.77177464024769,25.083662184049288,21.4363184052286,57.17866473257935,9.806413742461586,81.43798427826617,,0.8938251658150514,7.636250237629778,35.12927969798975,0.3917804530930747,0.1663415625912152,0.0,0.0,0.0,0.0,45.0,0.1,0,20250924_221715,08,0.2,0.9,0.5,0.8,0.8,0.2,0.0,0.6,0.0,0.3,0.1,0.03,High,1.0,,,,False,1734,,,1,0,1,1,Optimized,tough,"(230.0, 260.0]","(-0.001, 5.0]","(-0.001, 3.0]",0.9527905908374459,0.3597250744521733,1.0,0.7708385550965398
15.77330017084531,1.4456227195013076,1.4626280075965266,4.5983962676376775,237.6395295418723,1.5666335623480856,0.25,0.0,0.0,0.21,72.13844910205685,8.97,bo_suggested,0.77177464024769,25.083662184049288,21.4363184052286,57.17866473257935,9.806413742461586,81.43798427826617,,0.8938251658150514,7.636250237629778,35.12927969798975,0.3917804530930747,0.1663415625912152,0.0,0.0,0.0,0.0,45.0,0.1,0,20250924_221715,08,0.8,0.7,0.9,0.6,0.7,0.9,0.5,0.0,0.1,0.6,0.4,0.156,Medium,0.65,,,,False,2373,,,1,0,1,1,Optimized,tough,"(230.0, 260.0]","(-0.001, 5.0]","(-0.001, 3.0]",0.9527905908374459,0.3597250744521733,1.0,0.7708385550965398
15.77330017084531,1.4456227195013076,1.4626280075965266,4.5983962676376775,237.6395295418723,1.5666335623480856,0.25,0.0,0.0,0.21,72.13844910205685,8.97,bo_suggested,0.77177464024769,25.083662184049288,21.4363184052286,57.17866473257935,9.806413742461586,81.43798427826617,,0.8938251658150514,7.636250237629778,35.12927969798975,0.3917804530930747,0.1663415625912152,0.0,0.0,0.0,0.0,45.0,0.1,0,20250924_221715,08,0.8,0.9,0.8,0.8,0.8,0.6,0.9,0.7,0.1,0.75,0.5,0.24375,Medium,0.65,,,,False,2178,,,1,0,1,1,Optimized,tough,"(230.0, 260.0]","(-0.001, 5.0]","(-0.001, 3.0]",0.9527905908374459,0.3597250744521733,1.0,0.7708385550965398
9.131760700768936,4.6752432697485355,0.9317168843672272,7.14929723956327,235.08052591678697,2.1382625575818306,0.25,0.0,0.0,0.21,76.0812791451153,8.97,bo_suggested,0.9622830555529835,25.1359462872997,21.65403543232479,40.519522754782216,6.949291429571945,88.00828511005658,,0.8963939309233099,5.686338873093724,27.48278182324959,0.4150524031466317,0.0998502767239094,0.0,0.0,0.0,0.0,45.0,0.1,0,20250924_221715,08,0.2,0.8,0.6,0.7,0.7,0.1,0.0,,,0.2,0.1,0.02,High,1.0,,,,False,1881,,,1,0,1,1,Optimized,tough,"(230.0, 260.0]","(5.0, 10.0]","(-0.001, 3.0]",0.9016105183357394,0.797022383925132,1.0,0.8995443007536238
9.131760700768936,4.6752432697485355,0.9317168843672272,7.14929723956327,235.08052591678697,2.1382625575818306,0.25,0.0,0.0,0.21,76.0812791451153,8.97,bo_suggested,0.9622830555529835,25.1359462872997,21.65403543232479,40.519522754782216,6.949291429571945,88.00828511005658,,0.8963939309233099,5.686338873093724,27.48278182324959,0.4150524031466317,0.0998502767239094,0.0,0.0,0.0,0.0,45.0,0.1,0,20250924_221715,08,0.2,0.9,0.5,0.8,0.8,0.2,0.0,0.6,0.0,0.3,0.1,0.03,High,1.0,,,,False,1734,,,1,0,1,1,Optimized,tough,"(230.0, 260.0]","(5.0, 10.0]","(-0.001, 3.0]",0.9016105183357394,0.797022383925132,1.0,0.8995443007536238
9.131760700768936,4.6752432697485355,0.9317168843672272,7.14929723956327,235.08052591678697,2.1382625575818306,0.25,0.0,0.0,0.21,76.0812791451153,8.97,bo_suggested,0.9622830555529835,25.1359462872997,21.65403543232479,40.519522754782216,6.949291429571945,88.00828511005658,,0.8963939309233099,5.686338873093724,27.48278182324959,0.4150524031466317,0.0998502767239094,0.0,0.0,0.0,0.0,45.0,0.1,0,20250924_221715,08,0.8,0.7,0.9,0.6,0.7,0.9,0.5,0.0,0.1,0.6,0.4,0.156,Medium,0.65,,,,False,2373,,,1,0,1,1,Optimized,tough,"(230.0, 260.0]","(5.0, 10.0]","(-0.001, 3.0]",0.9016105183357394,0.797022383925132,1.0,0.8995443007536238
9.131760700768936,4.6752432697485355,0.9317168843672272,7.14929723956327,235.08052591678697,2.1382625575818306,0.25,0.0,0.0,0.21,76.0812791451153,8.97,bo_suggested,0.9622830555529835,25.1359462872997,21.65403543232479,40.519522754782216,6.949291429571945,88.00828511005658,,0.8963939309233099,5.686338873093724,27.48278182324959,0.4150524031466317,0.0998502767239094,0.0,0.0,0.0,0.0,45.0,0.1,0,20250924_221715,08,0.8,0.9,0.8,0.8,0.8,0.6,0.9,0.7,0.1,0.75,0.5,0.24375,Medium,0.65,,,,False,2178,,,1,0,1,1,Optimized,tough,"(230.0, 260.0]","(5.0, 10.0]","(-0.001, 3.0]",0.9016105183357394,0.797022383925132,1.0,0.8995443007536238
15.634255422940663,3.959709146464446,2.1083196668510724,7.039984903858657,222.6602484792158,4.208893582126498,0.25,0.0,0.0,0.21,69.11771576374382,8.97,bo_suggested,0.7641781476148957,25.053897236620333,21.682545544321393,59.198888417414736,10.152891740828135,81.14853261151215,,0.8938541511482706,7.717060101458467,35.45762310308591,0.3907811470775646,0.1691967226355296,0.0,0.0,0.0,0.0,45.0,0.1,0,20250924_221715,09,0.8,0.7,0.8,0.7,0.7,0.6,0.1,0.6,0.1,0.6,0.5,0.195,Medium,0.65,,,,False,1340,,,1,0,1,1,Optimized,tough,"(200.0, 230.0]","(5.0, 10.0]","(3.0, 6.0]",0.653204969584316,0.7782831263757697,1.0,0.8104960319866952
15.634255422940663,3.959709146464446,2.1083196668510724,7.039984903858657,222.6602484792158,4.208893582126498,0.25,0.0,0.0,0.21,69.11771576374382,8.97,bo_suggested,0.7641781476148957,25.053897236620333,21.682545544321393,59.198888417414736,10.152891740828135,81.14853261151215,,0.8938541511482706,7.717060101458467,35.45762310308591,0.3907811470775646,0.1691967226355296,0.0,0.0,0.0,0.0,45.0,0.1,0,20250924_221715,09,0.7,0.9,0.8,0.7,0.7,0.5,0.1,,,0.6,0.5,0.195,Medium,0.65,,,,False,1822,,,1,0,1,1,Optimized,tough,"(200.0, 230.0]","(5.0, 10.0]","(3.0, 6.0]",0.653204969584316,0.7782831263757697,1.0,0.8104960319866952
15.634255422940663,3.959709146464446,2.1083196668510724,7.039984903858657,222.6602484792158,4.208893582126498,0.25,0.0,0.0,0.21,69.11771576374382,8.97,bo_suggested,0.7641781476148957,25.053897236620333,21.682545544321393,59.198888417414736,10.152891740828135,81.14853261151215,,0.8938541511482706,7.717060101458467,35.45762310308591,0.3907811470775646,0.1691967226355296,0.0,0.0,0.0,0.0,45.0,0.1,0,20250924_221715,09,0.3,0.8,0.8,0.7,0.7,0.4,0.1,,,0.5,0.3,0.15,High,1.0,,,,False,1473,,,1,0,1,1,Optimized,tough,"(200.0, 230.0]","(5.0, 10.0]","(3.0, 6.0]",0.653204969584316,0.7782831263757697,1.0,0.8104960319866952
15.634255422940663,3.959709146464446,2.1083196668510724,7.039984903858657,222.6602484792158,4.208893582126498,0.25,0.0,0.0,0.21,69.11771576374382,8.97,bo_suggested,0.7641781476148957,25.053897236620333,21.682545544321393,59.198888417414736,10.152891740828135,81.14853261151215,,0.8938541511482706,7.717060101458467,35.45762310308591,0.3907811470775646,0.1691967226355296,0.0,0.0,0.0,0.0,45.0,0.1,0,20250924_221715,09,0.2,0.8,0.6,0.7,0.7,0.2,0.0,,0.1,0.2,0.1,0.02,High,1.0,,,,False,1745,,,1,0,1,1,Optimized,tough,"(200.0, 230.0]","(5.0, 10.0]","(3.0, 6.0]",0.653204969584316,0.7782831263757697,1.0,0.8104960319866952
15.220176887343936,5.797687523446355,2.034781431307584,6.494045105904238,220.6188865468039,4.675501795976076,0.25,0.0,0.0,0.21,67.76735415790213,8.97,bo_suggested,0.7675209482521393,25.03997547681559,21.68641892537741,58.99174558506816,10.117365757014486,81.27620430338152,,0.8939014941909568,7.681467410615117,35.31288649771456,0.3912216497895644,0.1679381434583874,0.0,0.0,0.0,0.0,45.0,0.1,0,20250924_221715,09,0.8,0.7,0.8,0.7,0.7,0.6,0.1,0.6,0.1,0.6,0.5,0.195,Medium,0.65,,,,False,1340,,,1,0,1,1,Optimized,tough,"(200.0, 230.0]","(5.0, 10.0]","(3.0, 6.0]",0.6123777309360782,0.6846934467264407,1.0,0.7656903925541729
15.220176887343936,5.797687523446355,2.034781431307584,6.494045105904238,220.6188865468039,4.675501795976076,0.25,0.0,0.0,0.21,67.76735415790213,8.97,bo_suggested,0.7675209482521393,25.03997547681559,21.68641892537741,58.99174558506816,10.117365757014486,81.27620430338152,,0.8939014941909568,7.681467410615117,35.31288649771456,0.3912216497895644,0.1679381434583874,0.0,0.0,0.0,0.0,45.0,0.1,0,20250924_221715,09,0.7,0.9,0.8,0.7,0.7,0.5,0.1,,,0.6,0.5,0.195,Medium,0.65,,,,False,1822,,,1,0,1,1,Optimized,tough,"(200.0, 230.0]","(5.0, 10.0]","(3.0, 6.0]",0.6123777309360782,0.6846934467264407,1.0,0.7656903925541729
15.220176887343936,5.797687523446355,2.034781431307584,6.494045105904238,220.6188865468039,4.675501795976076,0.25,0.0,0.0,0.21,67.76735415790213,8.97,bo_suggested,0.7675209482521393,25.03997547681559,21.68641892537741,58.99174558506816,10.117365757014486,81.27620430338152,,0.8939014941909568,7.681467410615117,35.31288649771456,0.3912216497895644,0.1679381434583874,0.0,0.0,0.0,0.0,45.0,0.1,0,20250924_221715,09,0.3,0.8,0.8,0.7,0.7,0.4,0.1,,,0.5,0.3,0.15,High,1.0,,,,False,1473,,,1,0,1,1,Optimized,tough,"(200.0, 230.0]","(5.0, 10.0]","(3.0, 6.0]",0.6123777309360782,0.6846934467264407,1.0,0.7656903925541729
15.220176887343936,5.797687523446355,2.034781431307584,6.494045105904238,220.6188865468039,4.675501795976076,0.25,0.0,0.0,0.21,67.76735415790213,8.97,bo_suggested,0.7675209482521393,25.03997547681559,21.68641892537741,58.99174558506816,10.117365757014486,81.27620430338152,,0.8939014941909568,7.681467410615117,35.31288649771456,0.3912216497895644,0.1679381434583874,0.0,0.0,0.0,0.0,45.0,0.1,0,20250924_221715,09,0.2,0.8,0.6,0.7,0.7,0.2,0.0,,0.1,0.2,0.1,0.02,High,1.0,,,,False,1745,,,1,0,1,1,Optimized,tough,"(200.0, 230.0]","(5.0, 10.0]","(3.0, 6.0]",0.6123777309360782,0.6846934467264407,1.0,0.7656903925541729
15.163432205609189,5.998821894483568,1.2709112020989657,3.1558499279677203,220.75422955949665,4.708612175626822,0.25,0.0,0.0,0.21,68.38683469780828,8.97,bo_suggested,0.7683065612134756,25.010649989171583,20.22824297157103,32.793419280586804,5.624227830423917,81.30614065531054,,0.8937566422247722,7.673110019610265,35.278928330195264,0.3913250007341883,0.1676428550451762,0.0,0.0,0.0,0.0,45.0,0.1,0,20250924_221715,09,0.8,0.7,0.8,0.7,0.7,0.6,0.1,0.6,0.1,0.6,0.5,0.195,Medium,0.65,,,,False,1340,,,1,0,1,1,Optimized,tough,"(200.0, 230.0]","(-0.001, 5.0]","(3.0, 6.0]",0.615084591189933,0.11243141622303776,1.0,0.5758386691376569
15.163432205609189,5.998821894483568,1.2709112020989657,3.1558499279677203,220.75422955949665,4.708612175626822,0.25,0.0,0.0,0.21,68.38683469780828,8.97,bo_suggested,0.7683065612134756,25.010649989171583,20.22824297157103,32.793419280586804,5.624227830423917,81.30614065531054,,0.8937566422247722,7.673110019610265,35.278928330195264,0.3913250007341883,0.1676428550451762,0.0,0.0,0.0,0.0,45.0,0.1,0,20250924_221715,09,0.7,0.9,0.8,0.7,0.7,0.5,0.1,,,0.6,0.5,0.195,Medium,0.65,,,,False,1822,,,1,0,1,1,Optimized,tough,"(200.0, 230.0]","(-0.001, 5.0]","(3.0, 6.0]",0.615084591189933,0.11243141622303776,1.0,0.5758386691376569
15.163432205609189,5.998821894483568,1.2709112020989657,3.1558499279677203,220.75422955949665,4.708612175626822,0.25,0.0,0.0,0.21,68.38683469780828,8.97,bo_suggested,0.7683065612134756,25.010649989171583,20.22824297157103,32.793419280586804,5.624227830423917,81.30614065531054,,0.8937566422247722,7.673110019610265,35.278928330195264,0.3913250007341883,0.1676428550451762,0.0,0.0,0.0,0.0,45.0,0.1,0,20250924_221715,09,0.3,0.8,0.8,0.7,0.7,0.4,0.1,,,0.5,0.3,0.15,High,1.0,,,,False,1473,,,1,0,1,1,Optimized,tough,"(200.0, 230.0]","(-0.001, 5.0]","(3.0, 6.0]",0.615084591189933,0.11243141622303776,1.0,0.5758386691376569
15.163432205609189,5.998821894483568,1.2709112020989657,3.1558499279677203,220.75422955949665,4.708612175626822,0.25,0.0,0.0,0.21,68.38683469780828,8.97,bo_suggested,0.7683065612134756,25.010649989171583,20.22824297157103,32.793419280586804,5.624227830423917,81.30614065531054,,0.8937566422247722,7.673110019610265,35.278928330195264,0.3913250007341883,0.1676428550451762,0.0,0.0,0.0,0.0,45.0,0.1,0,20250924_221715,09,0.2,0.8,0.6,0.7,0.7,0.2,0.0,,0.1,0.2,0.1,0.02,High,1.0,,,,False,1745,,,1,0,1,1,Optimized,tough,"(200.0, 230.0]","(-0.001, 5.0]","(3.0, 6.0]",0.615084591189933,0.11243141622303776,1.0,0.5758386691376569
10.966445067297744,13.656805161732098,1.9319781511754033,3.749564593303435,212.64500532912567,7.784727479168501,0.25,0.0,0.0,0.21,64.26477161979476,8.97,bo_suggested,0.8662058747613659,25.007529892155578,21.161081941050227,28.03747304395054,4.80856036509424,84.84794506554101,,0.8953639854638394,6.652461391012866,31.206762530284337,0.4037185488208737,0.1322327176546464,0.0,0.0,0.0,0.0,45.0,0.1,0,20250924_221715,09,0.8,0.7,0.8,0.7,0.7,0.6,0.1,0.6,0.1,0.6,0.5,0.195,Medium,0.65,,,,False,1340,,,1,0,1,1,Optimized,tough,"(200.0, 230.0]","(-0.001, 5.0]","(6.0, 12.0]",0.45290010658251334,0.21421107313773172,1.0,0.555703726573415
10.966445067297744,13.656805161732098,1.9319781511754033,3.749564593303435,212.64500532912567,7.784727479168501,0.25,0.0,0.0,0.21,64.26477161979476,8.97,bo_suggested,0.8662058747613659,25.007529892155578,21.161081941050227,28.03747304395054,4.80856036509424,84.84794506554101,,0.8953639854638394,6.652461391012866,31.206762530284337,0.4037185488208737,0.1322327176546464,0.0,0.0,0.0,0.0,45.0,0.1,0,20250924_221715,09,0.7,0.9,0.8,0.7,0.7,0.5,0.1,,,0.6,0.5,0.195,Medium,0.65,,,,False,1822,,,1,0,1,1,Optimized,tough,"(200.0, 230.0]","(-0.001, 5.0]","(6.0, 12.0]",0.45290010658251334,0.21421107313773172,1.0,0.555703726573415
10.966445067297744,13.656805161732098,1.9319781511754033,3.749564593303435,212.64500532912567,7.784727479168501,0.25,0.0,0.0,0.21,64.26477161979476,8.97,bo_suggested,0.8662058747613659,25.007529892155578,21.161081941050227,28.03747304395054,4.80856036509424,84.84794506554101,,0.8953639854638394,6.652461391012866,31.206762530284337,0.4037185488208737,0.1322327176546464,0.0,0.0,0.0,0.0,45.0,0.1,0,20250924_221715,09,0.3,0.8,0.8,0.7,0.7,0.4,0.1,,,0.5,0.3,0.15,High,1.0,,,,False,1473,,,1,0,1,1,Optimized,tough,"(200.0, 230.0]","(-0.001, 5.0]","(6.0, 12.0]",0.45290010658251334,0.21421107313773172,1.0,0.555703726573415
10.966445067297744,13.656805161732098,1.9319781511754033,3.749564593303435,212.64500532912567,7.784727479168501,0.25,0.0,0.0,0.21,64.26477161979476,8.97,bo_suggested,0.8662058747613659,25.007529892155578,21.161081941050227,28.03747304395054,4.80856036509424,84.84794506554101,,0.8953639854638394,6.652461391012866,31.206762530284337,0.4037185488208737,0.1322327176546464,0.0,0.0,0.0,0.0,45.0,0.1,0,20250924_221715,09,0.2,0.8,0.6,0.7,0.7,0.2,0.0,,0.1,0.2,0.1,0.02,High,1.0,,,,False,1745,,,1,0,1,1,Optimized,tough,"(200.0, 230.0]","(-0.001, 5.0]","(6.0, 12.0]",0.45290010658251334,0.21421107313773172,1.0,0.555703726573415
16.09192997491031,0.2372016160675994,2.047024498373688,3.9262307176134303,211.04392621860973,9.615089519058609,0.25,0.0,0.0,0.21,72.4438439106484,8.97,bo_suggested,0.7682700538319767,25.006431270773714,20.316550280761906,30.183650612094496,5.176640055245135,81.30475009146137,,0.8938806257643634,7.673498324158345,35.28050588210641,0.3913201994892413,0.1676565728878818,0.0,0.0,0.0,0.0,45.0,0.1,0,20250924_221715,10,0.9,0.9,0.95,0.9,0.9,0.95,1.0,,0.1,0.9,0.6,0.351,Medium,0.65,,,,False,1703,,1.0,1,0,1,1,Optimized,tough,"(200.0, 230.0]","(-0.001, 5.0]","(6.0, 12.0]",0.42087852437219453,0.2444966944480166,1.0,0.5551250729400704
16.09192997491031,0.2372016160675994,2.047024498373688,3.9262307176134303,211.04392621860973,9.615089519058609,0.25,0.0,0.0,0.21,72.4438439106484,8.97,bo_suggested,0.7682700538319767,25.006431270773714,20.316550280761906,30.183650612094496,5.176640055245135,81.30475009146137,,0.8938806257643634,7.673498324158345,35.28050588210641,0.3913201994892413,0.1676565728878818,0.0,0.0,0.0,0.0,45.0,0.1,0,20250924_221715,10,0.9,0.9,0.8,0.9,0.9,0.9,,0.5,0.1,0.9,0.4,0.234,Medium,0.65,,,,False,1929,,,1,0,1,1,Optimized,tough,"(200.0, 230.0]","(-0.001, 5.0]","(6.0, 12.0]",0.42087852437219453,0.2444966944480166,1.0,0.5551250729400704
16.09192997491031,0.2372016160675994,2.047024498373688,3.9262307176134303,211.04392621860973,9.615089519058609,0.25,0.0,0.0,0.21,72.4438439106484,8.97,bo_suggested,0.7682700538319767,25.006431270773714,20.316550280761906,30.183650612094496,5.176640055245135,81.30475009146137,,0.8938806257643634,7.673498324158345,35.28050588210641,0.3913201994892413,0.1676565728878818,0.0,0.0,0.0,0.0,45.0,0.1,0,20250924_221715,10,0.9,0.9,0.75,1.0,0.85,0.95,1.0,,,0.88,0.95,0.836,High,1.0,,,,False,1498,,0.9,1,0,1,1,Optimized,tough,"(200.0, 230.0]","(-0.001, 5.0]","(6.0, 12.0]",0.42087852437219453,0.2444966944480166,1.0,0.5551250729400704
16.09192997491031,0.2372016160675994,2.047024498373688,3.9262307176134303,211.04392621860973,9.615089519058609,0.25,0.0,0.0,0.21,72.4438439106484,8.97,bo_suggested,0.7682700538319767,25.006431270773714,20.316550280761906,30.183650612094496,5.176640055245135,81.30475009146137,,0.8938806257643634,7.673498324158345,35.28050588210641,0.3913201994892413,0.1676565728878818,0.0,0.0,0.0,0.0,45.0,0.1,0,20250924_221715,10,0.5,0.9,0.8,0.7,0.8,0.7,0.1,0.6,0.0,0.55,0.2,0.11,High,1.0,,,,False,1863,,,1,0,1,1,Optimized,tough,"(200.0, 230.0]","(-0.001, 5.0]","(6.0, 12.0]",0.42087852437219453,0.2444966944480166,1.0,0.5551250729400704
9.757491998776404,0.0225062634862593,0.5446896656172613,5.726395675003456,201.61482288958825,9.247593830113145,0.25,0.0,0.0,0.21,80.49531207212007,8.97,bo_suggested,0.9565986354505402,25.01137324991102,20.13307958738235,17.00095668412297,2.915745165472264,87.828900249318,,0.8962260768699982,5.742626713155292,27.69641915979461,0.4144022025571469,0.1017079926938661,0.0,0.0,0.0,0.0,45.0,0.1,0,20250924_221715,10,0.9,0.9,0.95,0.9,0.9,0.95,1.0,,0.1,0.9,0.6,0.351,Medium,0.65,,,,False,1703,,1.0,1,0,1,1,Optimized,tough,"(200.0, 230.0]","(5.0, 10.0]","(6.0, 12.0]",0.23229645779176508,0.5530964014291638,1.0,0.5951309530736429
9.757491998776404,0.0225062634862593,0.5446896656172613,5.726395675003456,201.61482288958825,9.247593830113145,0.25,0.0,0.0,0.21,80.49531207212007,8.97,bo_suggested,0.9565986354505402,25.01137324991102,20.13307958738235,17.00095668412297,2.915745165472264,87.828900249318,,0.8962260768699982,5.742626713155292,27.69641915979461,0.4144022025571469,0.1017079926938661,0.0,0.0,0.0,0.0,45.0,0.1,0,20250924_221715,10,0.9,0.9,0.8,0.9,0.9,0.9,,0.5,0.1,0.9,0.4,0.234,Medium,0.65,,,,False,1929,,,1,0,1,1,Optimized,tough,"(200.0, 230.0]","(5.0, 10.0]","(6.0, 12.0]",0.23229645779176508,0.5530964014291638,1.0,0.5951309530736429
9.757491998776404,0.0225062634862593,0.5446896656172613,5.726395675003456,201.61482288958825,9.247593830113145,0.25,0.0,0.0,0.21,80.49531207212007,8.97,bo_suggested,0.9565986354505402,25.01137324991102,20.13307958738235,17.00095668412297,2.915745165472264,87.828900249318,,0.8962260768699982,5.742626713155292,27.69641915979461,0.4144022025571469,0.1017079926938661,0.0,0.0,0.0,0.0,45.0,0.1,0,20250924_221715,10,0.9,0.9,0.75,1.0,0.85,0.95,1.0,,,0.88,0.95,0.836,High,1.0,,,,False,1498,,0.9,1,0,1,1,Optimized,tough,"(200.0, 230.0]","(5.0, 10.0]","(6.0, 12.0]",0.23229645779176508,0.5530964014291638,1.0,0.5951309530736429
9.757491998776404,0.0225062634862593,0.5446896656172613,5.726395675003456,201.61482288958825,9.247593830113145,0.25,0.0,0.0,0.21,80.49531207212007,8.97,bo_suggested,0.9565986354505402,25.01137324991102,20.13307958738235,17.00095668412297,2.915745165472264,87.828900249318,,0.8962260768699982,5.742626713155292,27.69641915979461,0.4144022025571469,0.1017079926938661,0.0,0.0,0.0,0.0,45.0,0.1,0,20250924_221715,10,0.5,0.9,0.8,0.7,0.8,0.7,0.1,0.6,0.0,0.55,0.2,0.11,High,1.0,,,,False,1863,,,1,0,1,1,Optimized,tough,"(200.0, 230.0]","(5.0, 10.0]","(6.0, 12.0]",0.23229645779176508,0.5530964014291638,1.0,0.5951309530736429
11.45256880546781,0.0,0.6420146060793274,3.0776167673690003,200.53947444154736,1.8886899776757125,0.25,0.0,0.0,0.21,78.72541658845286,8.97,bo_suggested,0.9039360521275585,25.01786574287521,20.493403331288512,30.76082785173063,5.2756287049639665,86.12275876690823,,0.895542697902382,6.269203059006621,29.71477211727384,0.408259389208297,0.1192588879762942,0.0,0.0,0.0,0.0,45.0,0.1,0,20250924_221715,10,0.9,0.9,0.95,0.9,0.9,0.95,1.0,,0.1,0.9,0.6,0.351,Medium,0.65,,,,False,1703,,1.0,1,0,0,1,Optimized,tough,"(200.0, 230.0]","(-0.001, 5.0]","(-0.001, 3.0]",0.2107894888309471,0.09902001726325718,1.0,0.4366031686980681
11.45256880546781,0.0,0.6420146060793274,3.0776167673690003,200.53947444154736,1.8886899776757125,0.25,0.0,0.0,0.21,78.72541658845286,8.97,bo_suggested,0.9039360521275585,25.01786574287521,20.493403331288512,30.76082785173063,5.2756287049639665,86.12275876690823,,0.895542697902382,6.269203059006621,29.71477211727384,0.408259389208297,0.1192588879762942,0.0,0.0,0.0,0.0,45.0,0.1,0,20250924_221715,10,0.9,0.9,0.8,0.9,0.9,0.9,,0.5,0.1,0.9,0.4,0.234,Medium,0.65,,,,False,1929,,,1,0,0,1,Optimized,tough,"(200.0, 230.0]","(-0.001, 5.0]","(-0.001, 3.0]",0.2107894888309471,0.09902001726325718,1.0,0.4366031686980681
11.45256880546781,0.0,0.6420146060793274,3.0776167673690003,200.53947444154736,1.8886899776757125,0.25,0.0,0.0,0.21,78.72541658845286,8.97,bo_suggested,0.9039360521275585,25.01786574287521,20.493403331288512,30.76082785173063,5.2756287049639665,86.12275876690823,,0.895542697902382,6.269203059006621,29.71477211727384,0.408259389208297,0.1192588879762942,0.0,0.0,0.0,0.0,45.0,0.1,0,20250924_221715,10,0.9,0.9,0.75,1.0,0.85,0.95,1.0,,,0.88,0.95,0.836,High,1.0,,,,False,1498,,0.9,1,0,0,1,Optimized,tough,"(200.0, 230.0]","(-0.001, 5.0]","(-0.001, 3.0]",0.2107894888309471,0.09902001726325718,1.0,0.4366031686980681
11.45256880546781,0.0,0.6420146060793274,3.0776167673690003,200.53947444154736,1.8886899776757125,0.25,0.0,0.0,0.21,78.72541658845286,8.97,bo_suggested,0.9039360521275585,25.01786574287521,20.493403331288512,30.76082785173063,5.2756287049639665,86.12275876690823,,0.895542697902382,6.269203059006621,29.71477211727384,0.408259389208297,0.1192588879762942,0.0,0.0,0.0,0.0,45.0,0.1,0,20250924_221715,10,0.5,0.9,0.8,0.7,0.8,0.7,0.1,0.6,0.0,0.55,0.2,0.11,High,1.0,,,,False,1863,,,1,0,0,1,Optimized,tough,"(200.0, 230.0]","(-0.001, 5.0]","(-0.001, 3.0]",0.2107894888309471,0.09902001726325718,1.0,0.4366031686980681
14.842800497300257,6.9135234184992775,2.452102272149986,5.00977258057711,228.56153458579513,8.105857526997244,0.25,0.0,0.0,0.21,66.61157381205048,8.97,bo_suggested,0.7732983132310269,25.01615948219721,21.309992738342135,48.758126599227765,8.362251286832032,81.49574962614044,,0.8940828641263617,7.620073552677601,35.063665911050975,0.3919801472272362,0.1657710079221823,0.0,0.0,0.0,0.0,45.0,0.1,0,20250924_221715,10,0.9,0.9,0.95,0.9,0.9,0.95,1.0,,0.1,0.9,0.6,0.351,Medium,0.65,,,,False,1703,,1.0,1,0,1,1,Optimized,tough,"(200.0, 230.0]","(5.0, 10.0]","(6.0, 12.0]",0.7712306917159026,0.43024672809893305,1.0,0.7338258066049453
14.842800497300257,6.9135234184992775,2.452102272149986,5.00977258057711,228.56153458579513,8.105857526997244,0.25,0.0,0.0,0.21,66.61157381205048,8.97,bo_suggested,0.7732983132310269,25.01615948219721,21.309992738342135,48.758126599227765,8.362251286832032,81.49574962614044,,0.8940828641263617,7.620073552677601,35.063665911050975,0.3919801472272362,0.1657710079221823,0.0,0.0,0.0,0.0,45.0,0.1,0,20250924_221715,10,0.9,0.9,0.8,0.9,0.9,0.9,,0.5,0.1,0.9,0.4,0.234,Medium,0.65,,,,False,1929,,,1,0,1,1,Optimized,tough,"(200.0, 230.0]","(5.0, 10.0]","(6.0, 12.0]",0.7712306917159026,0.43024672809893305,1.0,0.7338258066049453
14.842800497300257,6.9135234184992775,2.452102272149986,5.00977258057711,228.56153458579513,8.105857526997244,0.25,0.0,0.0,0.21,66.61157381205048,8.97,bo_suggested,0.7732983132310269,25.01615948219721,21.309992738342135,48.758126599227765,8.362251286832032,81.49574962614044,,0.8940828641263617,7.620073552677601,35.063665911050975,0.3919801472272362,0.1657710079221823,0.0,0.0,0.0,0.0,45.0,0.1,0,20250924_221715,10,0.9,0.9,0.75,1.0,0.85,0.95,1.0,,,0.88,0.95,0.836,High,1.0,,,,False,1498,,0.9,1,0,1,1,Optimized,tough,"(200.0, 230.0]","(5.0, 10.0]","(6.0, 12.0]",0.7712306917159026,0.43024672809893305,1.0,0.7338258066049453
14.842800497300257,6.9135234184992775,2.452102272149986,5.00977258057711,228.56153458579513,8.105857526997244,0.25,0.0,0.0,0.21,66.61157381205048,8.97,bo_suggested,0.7732983132310269,25.01615948219721,21.309992738342135,48.758126599227765,8.362251286832032,81.49574962614044,,0.8940828641263617,7.620073552677601,35.063665911050975,0.3919801472272362,0.1657710079221823,0.0,0.0,0.0,0.0,45.0,0.1,0,20250924_221715,10,0.5,0.9,0.8,0.7,0.8,0.7,0.1,0.6,0.0,0.55,0.2,0.11,High,1.0,,,,False,1863,,,1,0,1,1,Optimized,tough,"(200.0, 230.0]","(5.0, 10.0]","(6.0, 12.0]",0.7712306917159026,0.43024672809893305,1.0,0.7338258066049453
