elastomer_wtpct,filler_wtpct,compat_wtpct,N_rps,Tm_C,Q_kgh,Torque_Nm,talc_wtpct,intune_wtpct,stabilizer_wtpct,baseA_wtpct,baseB_wtpct,mode,E_GPa,MFI_g10min,sigma_y_MPa,Izod_23_kJm2,Izod_m20_kJm2,HDT_C,Shrink_pct,rho_gcc,eps_y_pct,Gardner_J,Xc,phi_el,phi_f_talc,phi_f_caco3,phi_f_biofiber,phi_f_biochar,tau_s,pvac_bar_abs,row_index,cycle_id,iter,E_GPa_score,MFI_g10min_score,sigma_y_MPa_score,Izod_23_kJm2_score,Izod_m20_kJm2_score,HDT_C_score,rho_gcc_score,Xc_score,literature_consistency_score,realism_penalty,recommended_bo_weight,confidence,confidence_factor,r2_izod_vs_elastomer,r2_modulus_vs_elastomer,outlier_fraction,has_error,notes_len,Tm_C_score,Torque_Nm_score,filler_wtpct_score,eps_y_pct_score,Gardner_J_score,has_elastomer,has_talc,has_filler,has_compat,phase,analysis_mode,Tm_bin,N_rps_bin,Q_bin,Tm_C_norm,N_rps_norm,Torque_Nm_norm,proc_intensity
16.134597884411207,1.7035548835208416,1.9535583123449671,3.3197855544959705,233.14175327401017,3.374699583397041,0.25,0.0,0.0,0.21,71.02828891972298,8.97,bo_suggested,0.7605026025921979,25.020122457622147,21.15605908714472,49.40903833300908,8.473885754008487,81.00760336947063,,0.8937537017724135,7.756255487046651,35.61722516672525,0.3902954016664884,0.170584566667176,0.0,0.0,0.0,0.0,45.0,0.1,0,20250924_221715,01,0.9,0.7,0.9,0.95,0.9,0.85,0.1,0.8,0.65,0.7,0.455,High,1.0,,,,False,1555,,,,,,1,0,1,1,Optimized,tough,"(230.0, 260.0]","(-0.001, 5.0]","(3.0, 6.0]",0.8628350654802034,0.1405346664850235,1.0,0.6677899106550756
16.134597884411207,1.7035548835208416,1.9535583123449671,3.3197855544959705,233.14175327401017,3.374699583397041,0.25,0.0,0.0,0.21,71.02828891972298,8.97,bo_suggested,0.7605026025921979,25.020122457622147,21.15605908714472,49.40903833300908,8.473885754008487,81.00760336947063,,0.8937537017724135,7.756255487046651,35.61722516672525,0.3902954016664884,0.170584566667176,0.0,0.0,0.0,0.0,45.0,0.1,0,20250924_221715,01,0.2,0.8,0.8,0.7,0.7,0.2,0.0,,0.3,0.1,0.0195,Medium,0.65,,,,False,2207,0.1,0.0,,,,1,0,1,1,Optimized,tough,"(230.0, 260.0]","(-0.001, 5.0]","(3.0, 6.0]",0.8628350654802034,0.1405346664850235,1.0,0.6677899106550756
16.134597884411207,1.7035548835208416,1.9535583123449671,3.3197855544959705,233.14175327401017,3.374699583397041,0.25,0.0,0.0,0.21,71.02828891972298,8.97,bo_suggested,0.7605026025921979,25.020122457622147,21.15605908714472,49.40903833300908,8.473885754008487,81.00760336947063,,0.8937537017724135,7.756255487046651,35.61722516672525,0.3902954016664884,0.170584566667176,0.0,0.0,0.0,0.0,45.0,0.1,0,20250924_221715,01,0.7,0.9,0.8,0.8,0.7,0.6,0.1,,0.5,0.2,0.065,Medium,0.65,,,,False,2462,0.3,0.1,,,,1,0,1,1,Optimized,tough,"(230.0, 260.0]","(-0.001, 5.0]","(3.0, 6.0]",0.8628350654802034,0.1405346664850235,1.0,0.6677899106550756
16.134597884411207,1.7035548835208416,1.9535583123449671,3.3197855544959705,233.14175327401017,3.374699583397041,0.25,0.0,0.0,0.21,71.02828891972298,8.97,bo_suggested,0.7605026025921979,25.020122457622147,21.15605908714472,49.40903833300908,8.473885754008487,81.00760336947063,,0.8937537017724135,7.756255487046651,35.61722516672525,0.3902954016664884,0.170584566667176,0.0,0.0,0.0,0.0,45.0,0.1,0,20250924_221715,01,0.1,0.8,0.7,0.6,0.6,0.1,0.0,,0.3,0.1,0.03,High,1.0,,,,False,2016,0.1,0.2,,,,1,0,1,1,Optimized,tough,"(230.0, 260.0]","(-0.001, 5.0]","(3.0, 6.0]",0.8628350654802034,0.1405346664850235,1.0,0.6677899106550756
15.13207452682453,16.815428446900874,2.5712039416550136,6.863085458060769,232.67492903555484,9.009645689627368,0.25,0.0,0.0,0.21,56.30129308461957,8.97,bo_suggested,0.7129109874446303,25.028536255471717,21.47509481193294,60.65362311992943,10.402385681358156,79.12845095366896,,0.8932678742256918,8.26964321426262,37.72885249472425,0.3838687097986653,0.1889465434323848,0.0,0.0,0.0,0.0,45.0,0.1,0,20250924_221715,01,0.9,0.7,0.9,0.95,0.9,0.85,0.1,0.8,0.65,0.7,0.455,High,1.0,,,,False,1555,,,,,,1,0,1,1,Optimized,tough,"(230.0, 260.0]","(5.0, 10.0]","(6.0, 12.0]",0.8534985807110967,0.7479575070961317,1.0,0.8671520292690761
15.13207452682453,16.815428446900874,2.5712039416550136,6.863085458060769,232.67492903555484,9.009645689627368,0.25,0.0,0.0,0.21,56.30129308461957,8.97,bo_suggested,0.7129109874446303,25.028536255471717,21.47509481193294,60.65362311992943,10.402385681358156,79.12845095366896,,0.8932678742256918,8.26964321426262,37.72885249472425,0.3838687097986653,0.1889465434323848,0.0,0.0,0.0,0.0,45.0,0.1,0,20250924_221715,01,0.2,0.8,0.8,0.7,0.7,0.2,0.0,,0.3,0.1,0.0195,Medium,0.65,,,,False,2207,0.1,0.0,,,,1,0,1,1,Optimized,tough,"(230.0, 260.0]","(5.0, 10.0]","(6.0, 12.0]",0.8534985807110967,0.7479575070961317,1.0,0.8671520292690761
15.13207452682453,16.815428446900874,2.5712039416550136,6.863085458060769,232.67492903555484,9.009645689627368,0.25,0.0,0.0,0.21,56.30129308461957,8.97,bo_suggested,0.7129109874446303,25.028536255471717,21.47509481193294,60.65362311992943,10.402385681358156,79.12845095366896,,0.8932678742256918,8.26964321426262,37.72885249472425,0.3838687097986653,0.1889465434323848,0.0,0.0,0.0,0.0,45.0,0.1,0,20250924_221715,01,0.7,0.9,0.8,0.8,0.7,0.6,0.1,,0.5,0.2,0.065,Medium,0.65,,,,False,2462,0.3,0.1,,,,1,0,1,1,Optimized,tough,"(230.0, 260.0]","(5.0, 10.0]","(6.0, 12.0]",0.8534985807110967,0.7479575070961317,1.0,0.8671520292690761
15.13207452682453,16.815428446900874,2.5712039416550136,6.863085458060769,232.67492903555484,9.009645689627368,0.25,0.0,0.0,0.21,56.30129308461957,8.97,bo_suggested,0.7129109874446303,25.028536255471717,21.47509481193294,60.65362311992943,10.402385681358156,79.12845095366896,,0.8932678742256918,8.26964321426262,37.72885249472425,0.3838687097986653,0.1889465434323848,0.0,0.0,0.0,0.0,45.0,0.1,0,20250924_221715,01,0.1,0.8,0.7,0.6,0.6,0.1,0.0,,0.3,0.1,0.03,High,1.0,,,,False,2016,0.1,0.2,,,,1,0,1,1,Optimized,tough,"(230.0, 260.0]","(5.0, 10.0]","(6.0, 12.0]",0.8534985807110967,0.7479575070961317,1.0,0.8671520292690761
12.620830999132536,10.367532404771948,0.7603271145094399,6.613797598906552,238.67780294358647,8.834992993908163,0.25,0.0,0.0,0.21,67.07130948158607,8.97,bo_suggested,0.825991759350718,25.030068076631007,20.689289676692624,42.306432146386555,7.255754913745933,83.43636311526404,,0.8945162211751939,7.066907503222216,32.84264163314785,0.3987397863338979,0.1464577533317204,0.0,0.0,0.0,0.0,45.0,0.1,0,20250924_221715,01,0.9,0.7,0.9,0.95,0.9,0.85,0.1,0.8,0.65,0.7,0.455,High,1.0,,,,False,1555,,,,,,1,0,1,1,Optimized,tough,"(230.0, 260.0]","(5.0, 10.0]","(6.0, 12.0]",0.9735560588717295,0.7052224455268374,1.0,0.8929261681328556
12.620830999132536,10.367532404771948,0.7603271145094399,6.613797598906552,238.67780294358647,8.834992993908163,0.25,0.0,0.0,0.21,67.07130948158607,8.97,bo_suggested,0.825991759350718,25.030068076631007,20.689289676692624,42.306432146386555,7.255754913745933,83.43636311526404,,0.8945162211751939,7.066907503222216,32.84264163314785,0.3987397863338979,0.1464577533317204,0.0,0.0,0.0,0.0,45.0,0.1,0,20250924_221715,01,0.2,0.8,0.8,0.7,0.7,0.2,0.0,,0.3,0.1,0.0195,Medium,0.65,,,,False,2207,0.1,0.0,,,,1,0,1,1,Optimized,tough,"(230.0, 260.0]","(5.0, 10.0]","(6.0, 12.0]",0.9735560588717295,0.7052224455268374,1.0,0.8929261681328556
12.620830999132536,10.367532404771948,0.7603271145094399,6.613797598906552,238.67780294358647,8.834992993908163,0.25,0.0,0.0,0.21,67.07130948158607,8.97,bo_suggested,0.825991759350718,25.030068076631007,20.689289676692624,42.306432146386555,7.255754913745933,83.43636311526404,,0.8945162211751939,7.066907503222216,32.84264163314785,0.3987397863338979,0.1464577533317204,0.0,0.0,0.0,0.0,45.0,0.1,0,20250924_221715,01,0.7,0.9,0.8,0.8,0.7,0.6,0.1,,0.5,0.2,0.065,Medium,0.65,,,,False,2462,0.3,0.1,,,,1,0,1,1,Optimized,tough,"(230.0, 260.0]","(5.0, 10.0]","(6.0, 12.0]",0.9735560588717295,0.7052224455268374,1.0,0.8929261681328556
12.620830999132536,10.367532404771948,0.7603271145094399,6.613797598906552,238.67780294358647,8.834992993908163,0.25,0.0,0.0,0.21,67.07130948158607,8.97,bo_suggested,0.825991759350718,25.030068076631007,20.689289676692624,42.306432146386555,7.255754913745933,83.43636311526404,,0.8945162211751939,7.066907503222216,32.84264163314785,0.3987397863338979,0.1464577533317204,0.0,0.0,0.0,0.0,45.0,0.1,0,20250924_221715,01,0.1,0.8,0.7,0.6,0.6,0.1,0.0,,0.3,0.1,0.03,High,1.0,,,,False,2016,0.1,0.2,,,,1,0,1,1,Optimized,tough,"(230.0, 260.0]","(5.0, 10.0]","(6.0, 12.0]",0.9735560588717295,0.7052224455268374,1.0,0.8929261681328556
12.55740342090812,19.60062428546097,2.439370107252331,8.327318940185226,236.16373216946172,4.894611351558138,0.25,0.0,0.0,0.21,56.22260218637858,8.97,bo_suggested,0.7822798592180719,25.081995079037835,21.85664381051146,58.70116327679215,10.067529505074688,81.83430563521611,,0.894326593970104,7.524930761300184,34.67853043999416,0.3931522986608873,0.1624220038260362,0.0,0.0,0.0,0.0,45.0,0.1,0,20250924_221715,01,0.9,0.7,0.9,0.95,0.9,0.85,0.1,0.8,0.65,0.7,0.455,High,1.0,,,,False,1555,,,,,,1,0,1,1,Optimized,tough,"(230.0, 260.0]","(5.0, 10.0]","(3.0, 6.0]",0.9232746433892345,0.99896896117461,1.0,0.9740812015212814
12.55740342090812,19.60062428546097,2.439370107252331,8.327318940185226,236.16373216946172,4.894611351558138,0.25,0.0,0.0,0.21,56.22260218637858,8.97,bo_suggested,0.7822798592180719,25.081995079037835,21.85664381051146,58.70116327679215,10.067529505074688,81.83430563521611,,0.894326593970104,7.524930761300184,34.67853043999416,0.3931522986608873,0.1624220038260362,0.0,0.0,0.0,0.0,45.0,0.1,0,20250924_221715,01,0.2,0.8,0.8,0.7,0.7,0.2,0.0,,0.3,0.1,0.0195,Medium,0.65,,,,False,2207,0.1,0.0,,,,1,0,1,1,Optimized,tough,"(230.0, 260.0]","(5.0, 10.0]","(3.0, 6.0]",0.9232746433892345,0.99896896117461,1.0,0.9740812015212814
12.55740342090812,19.60062428546097,2.439370107252331,8.327318940185226,236.16373216946172,4.894611351558138,0.25,0.0,0.0,0.21,56.22260218637858,8.97,bo_suggested,0.7822798592180719,25.081995079037835,21.85664381051146,58.70116327679215,10.067529505074688,81.83430563521611,,0.894326593970104,7.524930761300184,34.67853043999416,0.3931522986608873,0.1624220038260362,0.0,0.0,0.0,0.0,45.0,0.1,0,20250924_221715,01,0.7,0.9,0.8,0.8,0.7,0.6,0.1,,0.5,0.2,0.065,Medium,0.65,,,,False,2462,0.3,0.1,,,,1,0,1,1,Optimized,tough,"(230.0, 260.0]","(5.0, 10.0]","(3.0, 6.0]",0.9232746433892345,0.99896896117461,1.0,0.9740812015212814
12.55740342090812,19.60062428546097,2.439370107252331,8.327318940185226,236.16373216946172,4.894611351558138,0.25,0.0,0.0,0.21,56.22260218637858,8.97,bo_suggested,0.7822798592180719,25.081995079037835,21.85664381051146,58.70116327679215,10.067529505074688,81.83430563521611,,0.894326593970104,7.524930761300184,34.67853043999416,0.3931522986608873,0.1624220038260362,0.0,0.0,0.0,0.0,45.0,0.1,0,20250924_221715,01,0.1,0.8,0.7,0.6,0.6,0.1,0.0,,0.3,0.1,0.03,High,1.0,,,,False,2016,0.1,0.2,,,,1,0,1,1,Optimized,tough,"(230.0, 260.0]","(5.0, 10.0]","(3.0, 6.0]",0.9232746433892345,0.99896896117461,1.0,0.9740812015212814
16.088733315088085,0.0,0.8822731502777864,7.085661193395338,207.46978730499043,7.485735618223959,0.25,0.0,0.0,0.21,73.84899353463413,8.97,bo_suggested,0.7695215180944439,25.02352526691392,20.685433490587553,51.06689209506787,8.758215582123231,81.35238629110525,,0.8936716134768146,7.6601908270556205,35.2264545343801,0.391484703591017,0.1671865611685226,0.0,0.0,0.0,0.0,45.0,0.1,0,20250924_221715,02,0.9,1.0,0.9,0.85,0.9,1.0,,0.9,0.9,0.3,0.1755,Medium,0.65,,,,False,1846,,0.1,,,,1,0,0,1,Optimized,tough,"(200.0, 230.0]","(5.0, 10.0]","(6.0, 12.0]",0.34939574609980867,0.7861133474392007,1.0,0.7118363645130031
16.088733315088085,0.0,0.8822731502777864,7.085661193395338,207.46978730499043,7.485735618223959,0.25,0.0,0.0,0.21,73.84899353463413,8.97,bo_suggested,0.7695215180944439,25.02352526691392,20.685433490587553,51.06689209506787,8.758215582123231,81.35238629110525,,0.8936716134768146,7.6601908270556205,35.2264545343801,0.391484703591017,0.1671865611685226,0.0,0.0,0.0,0.0,45.0,0.1,0,20250924_221715,02,0.4,0.8,0.9,0.9,0.9,0.2,0.1,0.8,0.5,0.2,0.1,High,1.0,,,,False,1879,,0.0,,,,1,0,0,1,Optimized,tough,"(200.0, 230.0]","(5.0, 10.0]","(6.0, 12.0]",0.34939574609980867,0.7861133474392007,1.0,0.7118363645130031
16.088733315088085,0.0,0.8822731502777864,7.085661193395338,207.46978730499043,7.485735618223959,0.25,0.0,0.0,0.21,73.84899353463413,8.97,bo_suggested,0.7695215180944439,25.02352526691392,20.685433490587553,51.06689209506787,8.758215582123231,81.35238629110525,,0.8936716134768146,7.6601908270556205,35.2264545343801,0.391484703591017,0.1671865611685226,0.0,0.0,0.0,0.0,45.0,0.1,0,20250924_221715,02,0.8,0.7,0.8,0.1,0.1,0.7,0.9,0.6,0.3,0.1,0.03,High,1.0,,,,False,1918,,,,,,1,0,0,1,Optimized,tough,"(200.0, 230.0]","(5.0, 10.0]","(6.0, 12.0]",0.34939574609980867,0.7861133474392007,1.0,0.7118363645130031
16.088733315088085,0.0,0.8822731502777864,7.085661193395338,207.46978730499043,7.485735618223959,0.25,0.0,0.0,0.21,73.84899353463413,8.97,bo_suggested,0.7695215180944439,25.02352526691392,20.685433490587553,51.06689209506787,8.758215582123231,81.35238629110525,,0.8936716134768146,7.6601908270556205,35.2264545343801,0.391484703591017,0.1671865611685226,0.0,0.0,0.0,0.0,45.0,0.1,0,20250924_221715,02,0.8,0.7,0.9,0.8,0.85,0.8,0.1,,0.45,0.3,0.135,High,1.0,,,,False,1880,0.1,0.1,,,,1,0,0,1,Optimized,tough,"(200.0, 230.0]","(5.0, 10.0]","(6.0, 12.0]",0.34939574609980867,0.7861133474392007,1.0,0.7118363645130031
15.938078147681036,6.169461490898794,0.5658893080078584,7.707138472841266,205.34610096065873,6.77936091014151,0.25,0.0,0.0,0.21,68.14657105341232,8.97,bo_suggested,0.7451445665225158,25.029563759952374,20.008810702742274,47.75135238499228,8.189584706802412,80.41240142954763,,0.8932598536009548,7.92071908335547,36.28938802242171,0.3882496886274122,0.1764294610645366,0.0,0.0,0.0,0.0,45.0,0.1,0,20250924_221715,02,0.9,1.0,0.9,0.85,0.9,1.0,,0.9,0.9,0.3,0.1755,Medium,0.65,,,,False,1846,,0.1,,,,1,0,1,1,Optimized,tough,"(200.0, 230.0]","(5.0, 10.0]","(6.0, 12.0]",0.30692201921317463,0.8926523096299313,1.0,0.7331914429477019
15.938078147681036,6.169461490898794,0.5658893080078584,7.707138472841266,205.34610096065873,6.77936091014151,0.25,0.0,0.0,0.21,68.14657105341232,8.97,bo_suggested,0.7451445665225158,25.029563759952374,20.008810702742274,47.75135238499228,8.189584706802412,80.41240142954763,,0.8932598536009548,7.92071908335547,36.28938802242171,0.3882496886274122,0.1764294610645366,0.0,0.0,0.0,0.0,45.0,0.1,0,20250924_221715,02,0.4,0.8,0.9,0.9,0.9,0.2,0.1,0.8,0.5,0.2,0.1,High,1.0,,,,False,1879,,0.0,,,,1,0,1,1,Optimized,tough,"(200.0, 230.0]","(5.0, 10.0]","(6.0, 12.0]",0.30692201921317463,0.8926523096299313,1.0,0.7331914429477019
15.938078147681036,6.169461490898794,0.5658893080078584,7.707138472841266,205.34610096065873,6.77936091014151,0.25,0.0,0.0,0.21,68.14657105341232,8.97,bo_suggested,0.7451445665225158,25.029563759952374,20.008810702742274,47.75135238499228,8.189584706802412,80.41240142954763,,0.8932598536009548,7.92071908335547,36.28938802242171,0.3882496886274122,0.1764294610645366,0.0,0.0,0.0,0.0,45.0,0.1,0,20250924_221715,02,0.8,0.7,0.8,0.1,0.1,0.7,0.9,0.6,0.3,0.1,0.03,High,1.0,,,,False,1918,,,,,,1,0,1,1,Optimized,tough,"(200.0, 230.0]","(5.0, 10.0]","(6.0, 12.0]",0.30692201921317463,0.8926523096299313,1.0,0.7331914429477019
15.938078147681036,6.169461490898794,0.5658893080078584,7.707138472841266,205.34610096065873,6.77936091014151,0.25,0.0,0.0,0.21,68.14657105341232,8.97,bo_suggested,0.7451445665225158,25.029563759952374,20.008810702742274,47.75135238499228,8.189584706802412,80.41240142954763,,0.8932598536009548,7.92071908335547,36.28938802242171,0.3882496886274122,0.1764294610645366,0.0,0.0,0.0,0.0,45.0,0.1,0,20250924_221715,02,0.8,0.7,0.9,0.8,0.85,0.8,0.1,,0.45,0.3,0.135,High,1.0,,,,False,1880,0.1,0.1,,,,1,0,1,1,Optimized,tough,"(200.0, 230.0]","(5.0, 10.0]","(6.0, 12.0]",0.30692201921317463,0.8926523096299313,1.0,0.7331914429477019
18.0,0.0,1.7901048250980287,2.5,200.0,1.0,0.25,0.0,0.0,0.21,71.02989517490197,8.97,bo_suggested,0.7180713831952145,25.02374212398212,21.32049042047218,60.03658505280568,10.296560709590027,79.33728318555222,,0.8930583115064065,8.213430806195204,37.49570586997979,0.3845782864826702,0.186919181478085,0.0,0.0,0.0,0.0,45.0,0.1,0,20250924_221715,02,0.9,1.0,0.9,0.85,0.9,1.0,,0.9,0.9,0.3,0.1755,Medium,0.65,,,,False,1846,,0.1,,,,1,0,0,1,Optimized,tough,"(169.999, 200.0]","(-0.001, 5.0]","(-0.001, 3.0]",0.2,0.0,1.0,0.39999999999999997
18.0,0.0,1.7901048250980287,2.5,200.0,1.0,0.25,0.0,0.0,0.21,71.02989517490197,8.97,bo_suggested,0.7180713831952145,25.02374212398212,21.32049042047218,60.03658505280568,10.296560709590027,79.33728318555222,,0.8930583115064065,8.213430806195204,37.49570586997979,0.3845782864826702,0.186919181478085,0.0,0.0,0.0,0.0,45.0,0.1,0,20250924_221715,02,0.4,0.8,0.9,0.9,0.9,0.2,0.1,0.8,0.5,0.2,0.1,High,1.0,,,,False,1879,,0.0,,,,1,0,0,1,Optimized,tough,"(169.999, 200.0]","(-0.001, 5.0]","(-0.001, 3.0]",0.2,0.0,1.0,0.39999999999999997
18.0,0.0,1.7901048250980287,2.5,200.0,1.0,0.25,0.0,0.0,0.21,71.02989517490197,8.97,bo_suggested,0.7180713831952145,25.02374212398212,21.32049042047218,60.03658505280568,10.296560709590027,79.33728318555222,,0.8930583115064065,8.213430806195204,37.49570586997979,0.3845782864826702,0.186919181478085,0.0,0.0,0.0,0.0,45.0,0.1,0,20250924_221715,02,0.8,0.7,0.8,0.1,0.1,0.7,0.9,0.6,0.3,0.1,0.03,High,1.0,,,,False,1918,,,,,,1,0,0,1,Optimized,tough,"(169.999, 200.0]","(-0.001, 5.0]","(-0.001, 3.0]",0.2,0.0,1.0,0.39999999999999997
18.0,0.0,1.7901048250980287,2.5,200.0,1.0,0.25,0.0,0.0,0.21,71.02989517490197,8.97,bo_suggested,0.7180713831952145,25.02374212398212,21.32049042047218,60.03658505280568,10.296560709590027,79.33728318555222,,0.8930583115064065,8.213430806195204,37.49570586997979,0.3845782864826702,0.186919181478085,0.0,0.0,0.0,0.0,45.0,0.1,0,20250924_221715,02,0.8,0.7,0.9,0.8,0.85,0.8,0.1,,0.45,0.3,0.135,High,1.0,,,,False,1880,0.1,0.1,,,,1,0,0,1,Optimized,tough,"(169.999, 200.0]","(-0.001, 5.0]","(-0.001, 3.0]",0.2,0.0,1.0,0.39999999999999997
11.444037174242784,5.519030383329188,2.8470723376858817,3.787142422053556,218.81414655921205,4.996986115266617,0.25,0.0,0.0,0.21,71.00986010474215,8.97,bo_suggested,0.8837434601752575,25.013300094635767,21.837984221133627,39.93551615688675,6.849131512335767,85.44622309787663,,0.8957395174716172,6.47366754053431,30.508283784147913,0.4058443537004194,0.1261589894273731,0.0,0.0,0.0,0.0,45.0,0.1,0,20250924_221715,02,0.9,1.0,0.9,0.85,0.9,1.0,,0.9,0.9,0.3,0.1755,Medium,0.65,,,,False,1846,,0.1,,,,1,0,1,1,Optimized,tough,"(200.0, 230.0]","(-0.001, 5.0]","(3.0, 6.0]",0.576282931184241,0.22065298663775243,1.0,0.5989786392739979
11.444037174242784,5.519030383329188,2.8470723376858817,3.787142422053556,218.81414655921205,4.996986115266617,0.25,0.0,0.0,0.21,71.00986010474215,8.97,bo_suggested,0.8837434601752575,25.013300094635767,21.837984221133627,39.93551615688675,6.849131512335767,85.44622309787663,,0.8957395174716172,6.47366754053431,30.508283784147913,0.4058443537004194,0.1261589894273731,0.0,0.0,0.0,0.0,45.0,0.1,0,20250924_221715,02,0.4,0.8,0.9,0.9,0.9,0.2,0.1,0.8,0.5,0.2,0.1,High,1.0,,,,False,1879,,0.0,,,,1,0,1,1,Optimized,tough,"(200.0, 230.0]","(-0.001, 5.0]","(3.0, 6.0]",0.576282931184241,0.22065298663775243,1.0,0.5989786392739979
11.444037174242784,5.519030383329188,2.8470723376858817,3.787142422053556,218.81414655921205,4.996986115266617,0.25,0.0,0.0,0.21,71.00986010474215,8.97,bo_suggested,0.8837434601752575,25.013300094635767,21.837984221133627,39.93551615688675,6.849131512335767,85.44622309787663,,0.8957395174716172,6.47366754053431,30.508283784147913,0.4058443537004194,0.1261589894273731,0.0,0.0,0.0,0.0,45.0,0.1,0,20250924_221715,02,0.8,0.7,0.8,0.1,0.1,0.7,0.9,0.6,0.3,0.1,0.03,High,1.0,,,,False,1918,,,,,,1,0,1,1,Optimized,tough,"(200.0, 230.0]","(-0.001, 5.0]","(3.0, 6.0]",0.576282931184241,0.22065298663775243,1.0,0.5989786392739979
11.444037174242784,5.519030383329188,2.8470723376858817,3.787142422053556,218.81414655921205,4.996986115266617,0.25,0.0,0.0,0.21,71.00986010474215,8.97,bo_suggested,0.8837434601752575,25.013300094635767,21.837984221133627,39.93551615688675,6.849131512335767,85.44622309787663,,0.8957395174716172,6.47366754053431,30.508283784147913,0.4058443537004194,0.1261589894273731,0.0,0.0,0.0,0.0,45.0,0.1,0,20250924_221715,02,0.8,0.7,0.9,0.8,0.85,0.8,0.1,,0.45,0.3,0.135,High,1.0,,,,False,1880,0.1,0.1,,,,1,0,1,1,Optimized,tough,"(200.0, 230.0]","(-0.001, 5.0]","(3.0, 6.0]",0.576282931184241,0.22065298663775243,1.0,0.5989786392739979
13.09923466519975,0.0,2.536720722377398,7.951169106417879,207.0720630457597,6.118873977357429,0.25,0.0,0.0,0.21,75.18404461242285,8.97,bo_suggested,0.8544198587176208,25.035926670640382,22.108603161359824,54.516638380643215,9.349863525304327,84.44008907177249,,0.8952273583037039,6.773271621259642,31.681177013832716,0.4022746786535526,0.1363580609898497,0.0,0.0,0.0,0.0,45.0,0.1,0,20250924_221715,03,0.9,0.9,0.9,0.8,0.85,0.9,1.0,0.9,0.85,0.4,0.221,Medium,0.65,,,,False,1779,,0.1,,,,1,0,0,1,Optimized,tough,"(200.0, 230.0]","(5.0, 10.0]","(6.0, 12.0]",0.3414412609151941,0.9344861325287792,1.0,0.7586424644813244
13.09923466519975,0.0,2.536720722377398,7.951169106417879,207.0720630457597,6.118873977357429,0.25,0.0,0.0,0.21,75.18404461242285,8.97,bo_suggested,0.8544198587176208,25.035926670640382,22.108603161359824,54.516638380643215,9.349863525304327,84.44008907177249,,0.8952273583037039,6.773271621259642,31.681177013832716,0.4022746786535526,0.1363580609898497,0.0,0.0,0.0,0.0,45.0,0.1,0,20250924_221715,03,0.9,0.8,0.9,0.95,0.95,0.9,1.0,,0.8,0.3,0.24,High,1.0,,,,False,1690,0.1,,,,,1,0,0,1,Optimized,tough,"(200.0, 230.0]","(5.0, 10.0]","(6.0, 12.0]",0.3414412609151941,0.9344861325287792,1.0,0.7586424644813244
13.09923466519975,0.0,2.536720722377398,7.951169106417879,207.0720630457597,6.118873977357429,0.25,0.0,0.0,0.21,75.18404461242285,8.97,bo_suggested,0.8544198587176208,25.035926670640382,22.108603161359824,54.516638380643215,9.349863525304327,84.44008907177249,,0.8952273583037039,6.773271621259642,31.681177013832716,0.4022746786535526,0.1363580609898497,0.0,0.0,0.0,0.0,45.0,0.1,0,20250924_221715,03,0.7,0.9,0.8,0.7,0.8,0.8,,,0.75,0.3,0.14625,Medium,0.65,,,,False,1950,0.6,0.0,,,,1,0,0,1,Optimized,tough,"(200.0, 230.0]","(5.0, 10.0]","(6.0, 12.0]",0.3414412609151941,0.9344861325287792,1.0,0.7586424644813244
13.09923466519975,0.0,2.536720722377398,7.951169106417879,207.0720630457597,6.118873977357429,0.25,0.0,0.0,0.21,75.18404461242285,8.97,bo_suggested,0.8544198587176208,25.035926670640382,22.108603161359824,54.516638380643215,9.349863525304327,84.44008907177249,,0.8952273583037039,6.773271621259642,31.681177013832716,0.4022746786535526,0.1363580609898497,0.0,0.0,0.0,0.0,45.0,0.1,0,20250924_221715,03,0.8,0.9,0.9,0.8,0.9,0.8,0.2,,0.7,0.5,0.2275,Medium,0.65,,,,False,1726,,0.1,,,,1,0,0,1,Optimized,tough,"(200.0, 230.0]","(5.0, 10.0]","(6.0, 12.0]",0.3414412609151941,0.9344861325287792,1.0,0.7586424644813244
11.781286588776675,0.0,1.7807572056877214,2.644059397022305,227.65675720627732,6.684890129800727,0.25,0.0,0.0,0.21,77.2579562055356,8.97,bo_suggested,0.8938491437910271,25.00630838867517,20.78374580723293,16.829234847557537,2.8862940513923556,85.78642122857,,0.8956270587471704,6.371156441933854,30.10974990014892,0.4070572829125902,0.1226934773925993,0.0,0.0,0.0,0.0,45.0,0.1,0,20250924_221715,03,0.9,0.9,0.9,0.8,0.85,0.9,1.0,0.9,0.85,0.4,0.221,Medium,0.65,,,,False,1779,,0.1,,,,1,0,0,1,Optimized,tough,"(200.0, 230.0]","(-0.001, 5.0]","(6.0, 12.0]",0.7531351441255464,0.024695896632395173,1.0,0.5926103469193138
11.781286588776675,0.0,1.7807572056877214,2.644059397022305,227.65675720627732,6.684890129800727,0.25,0.0,0.0,0.21,77.2579562055356,8.97,bo_suggested,0.8938491437910271,25.00630838867517,20.78374580723293,16.829234847557537,2.8862940513923556,85.78642122857,,0.8956270587471704,6.371156441933854,30.10974990014892,0.4070572829125902,0.1226934773925993,0.0,0.0,0.0,0.0,45.0,0.1,0,20250924_221715,03,0.9,0.8,0.9,0.95,0.95,0.9,1.0,,0.8,0.3,0.24,High,1.0,,,,False,1690,0.1,,,,,1,0,0,1,Optimized,tough,"(200.0, 230.0]","(-0.001, 5.0]","(6.0, 12.0]",0.7531351441255464,0.024695896632395173,1.0,0.5926103469193138
11.781286588776675,0.0,1.7807572056877214,2.644059397022305,227.65675720627732,6.684890129800727,0.25,0.0,0.0,0.21,77.2579562055356,8.97,bo_suggested,0.8938491437910271,25.00630838867517,20.78374580723293,16.829234847557537,2.8862940513923556,85.78642122857,,0.8956270587471704,6.371156441933854,30.10974990014892,0.4070572829125902,0.1226934773925993,0.0,0.0,0.0,0.0,45.0,0.1,0,20250924_221715,03,0.7,0.9,0.8,0.7,0.8,0.8,,,0.75,0.3,0.14625,Medium,0.65,,,,False,1950,0.6,0.0,,,,1,0,0,1,Optimized,tough,"(200.0, 230.0]","(-0.001, 5.0]","(6.0, 12.0]",0.7531351441255464,0.024695896632395173,1.0,0.5926103469193138
11.781286588776675,0.0,1.7807572056877214,2.644059397022305,227.65675720627732,6.684890129800727,0.25,0.0,0.0,0.21,77.2579562055356,8.97,bo_suggested,0.8938491437910271,25.00630838867517,20.78374580723293,16.829234847557537,2.8862940513923556,85.78642122857,,0.8956270587471704,6.371156441933854,30.10974990014892,0.4070572829125902,0.1226934773925993,0.0,0.0,0.0,0.0,45.0,0.1,0,20250924_221715,03,0.8,0.9,0.9,0.8,0.9,0.8,0.2,,0.7,0.5,0.2275,Medium,0.65,,,,False,1726,,0.1,,,,1,0,0,1,Optimized,tough,"(200.0, 230.0]","(-0.001, 5.0]","(6.0, 12.0]",0.7531351441255464,0.024695896632395173,1.0,0.5926103469193138
17.714965780952294,0.0,0.96237020712734,8.236473774601686,214.67262490847128,7.23600260900676,0.25,0.0,0.0,0.21,72.14266401192037,8.97,bo_suggested,0.7256694856651701,25.03724212662499,20.70169093538795,56.076985263388174,9.617470458511333,79.64245110165908,,0.893016337146889,8.130911964881445,37.15432201458927,0.3856172808251631,0.1839506262138197,0.0,0.0,0.0,0.0,45.0,0.1,0,20250924_221715,03,0.9,0.9,0.9,0.8,0.85,0.9,1.0,0.9,0.85,0.4,0.221,Medium,0.65,,,,False,1779,,0.1,,,,1,0,0,1,Optimized,tough,"(200.0, 230.0]","(5.0, 10.0]","(6.0, 12.0]",0.49345249816942555,0.9833955042174318,1.0,0.8256160007956191
17.714965780952294,0.0,0.96237020712734,8.236473774601686,214.67262490847128,7.23600260900676,0.25,0.0,0.0,0.21,72.14266401192037,8.97,bo_suggested,0.7256694856651701,25.03724212662499,20.70169093538795,56.076985263388174,9.617470458511333,79.64245110165908,,0.893016337146889,8.130911964881445,37.15432201458927,0.3856172808251631,0.1839506262138197,0.0,0.0,0.0,0.0,45.0,0.1,0,20250924_221715,03,0.9,0.8,0.9,0.95,0.95,0.9,1.0,,0.8,0.3,0.24,High,1.0,,,,False,1690,0.1,,,,,1,0,0,1,Optimized,tough,"(200.0, 230.0]","(5.0, 10.0]","(6.0, 12.0]",0.49345249816942555,0.9833955042174318,1.0,0.8256160007956191
17.714965780952294,0.0,0.96237020712734,8.236473774601686,214.67262490847128,7.23600260900676,0.25,0.0,0.0,0.21,72.14266401192037,8.97,bo_suggested,0.7256694856651701,25.03724212662499,20.70169093538795,56.076985263388174,9.617470458511333,79.64245110165908,,0.893016337146889,8.130911964881445,37.15432201458927,0.3856172808251631,0.1839506262138197,0.0,0.0,0.0,0.0,45.0,0.1,0,20250924_221715,03,0.7,0.9,0.8,0.7,0.8,0.8,,,0.75,0.3,0.14625,Medium,0.65,,,,False,1950,0.6,0.0,,,,1,0,0,1,Optimized,tough,"(200.0, 230.0]","(5.0, 10.0]","(6.0, 12.0]",0.49345249816942555,0.9833955042174318,1.0,0.8256160007956191
17.714965780952294,0.0,0.96237020712734,8.236473774601686,214.67262490847128,7.23600260900676,0.25,0.0,0.0,0.21,72.14266401192037,8.97,bo_suggested,0.7256694856651701,25.03724212662499,20.70169093538795,56.076985263388174,9.617470458511333,79.64245110165908,,0.893016337146889,8.130911964881445,37.15432201458927,0.3856172808251631,0.1839506262138197,0.0,0.0,0.0,0.0,45.0,0.1,0,20250924_221715,03,0.8,0.9,0.9,0.8,0.9,0.8,0.2,,0.7,0.5,0.2275,Medium,0.65,,,,False,1726,,0.1,,,,1,0,0,1,Optimized,tough,"(200.0, 230.0]","(5.0, 10.0]","(6.0, 12.0]",0.49345249816942555,0.9833955042174318,1.0,0.8256160007956191
9.44097946093417,19.993409187159504,0.7425847675228202,6.007647305820073,217.4797512828715,5.140086794898217,0.25,0.0,0.0,0.21,60.643026584383506,8.97,bo_suggested,0.8933219240025565,25.02960805138111,21.28135687073727,44.154994527086735,7.572792179633096,85.7687535225197,,0.8955007906430663,6.376495346181661,30.130471407490734,0.406994217455463,0.1228736644129629,0.0,0.0,0.0,0.0,45.0,0.1,0,20250924_221715,03,0.9,0.9,0.9,0.8,0.85,0.9,1.0,0.9,0.85,0.4,0.221,Medium,0.65,,,,False,1779,,0.1,,,,1,0,1,1,Optimized,tough,"(200.0, 230.0]","(5.0, 10.0]","(3.0, 6.0]",0.5495950256574298,0.6013109667120125,1.0,0.7169686641231475
9.44097946093417,19.993409187159504,0.7425847675228202,6.007647305820073,217.4797512828715,5.140086794898217,0.25,0.0,0.0,0.21,60.643026584383506,8.97,bo_suggested,0.8933219240025565,25.02960805138111,21.28135687073727,44.154994527086735,7.572792179633096,85.7687535225197,,0.8955007906430663,6.376495346181661,30.130471407490734,0.406994217455463,0.1228736644129629,0.0,0.0,0.0,0.0,45.0,0.1,0,20250924_221715,03,0.9,0.8,0.9,0.95,0.95,0.9,1.0,,0.8,0.3,0.24,High,1.0,,,,False,1690,0.1,,,,,1,0,1,1,Optimized,tough,"(200.0, 230.0]","(5.0, 10.0]","(3.0, 6.0]",0.5495950256574298,0.6013109667120125,1.0,0.7169686641231475
9.44097946093417,19.993409187159504,0.7425847675228202,6.007647305820073,217.4797512828715,5.140086794898217,0.25,0.0,0.0,0.21,60.643026584383506,8.97,bo_suggested,0.8933219240025565,25.02960805138111,21.28135687073727,44.154994527086735,7.572792179633096,85.7687535225197,,0.8955007906430663,6.376495346181661,30.130471407490734,0.406994217455463,0.1228736644129629,0.0,0.0,0.0,0.0,45.0,0.1,0,20250924_221715,03,0.7,0.9,0.8,0.7,0.8,0.8,,,0.75,0.3,0.14625,Medium,0.65,,,,False,1950,0.6,0.0,,,,1,0,1,1,Optimized,tough,"(200.0, 230.0]","(5.0, 10.0]","(3.0, 6.0]",0.5495950256574298,0.6013109667120125,1.0,0.7169686641231475
9.44097946093417,19.993409187159504,0.7425847675228202,6.007647305820073,217.4797512828715,5.140086794898217,0.25,0.0,0.0,0.21,60.643026584383506,8.97,bo_suggested,0.8933219240025565,25.02960805138111,21.28135687073727,44.154994527086735,7.572792179633096,85.7687535225197,,0.8955007906430663,6.376495346181661,30.130471407490734,0.406994217455463,0.1228736644129629,0.0,0.0,0.0,0.0,45.0,0.1,0,20250924_221715,03,0.8,0.9,0.9,0.8,0.9,0.8,0.2,,0.7,0.5,0.2275,Medium,0.65,,,,False,1726,,0.1,,,,1,0,1,1,Optimized,tough,"(200.0, 230.0]","(5.0, 10.0]","(3.0, 6.0]",0.5495950256574298,0.6013109667120125,1.0,0.7169686641231475
17.29146732591446,0.1879019990298092,1.2415353732065988,5.418813746375608,231.94547469757103,4.424013783605843,0.25,0.0,0.0,0.21,72.09909530184913,8.97,bo_suggested,0.7360284923058398,25.036402643654817,21.046043111199495,57.00522289125562,9.776667639361252,80.05415480851478,,0.893232086720759,8.018875577900786,36.69247163562988,0.3870229124133004,0.1799345359619989,0.0,0.0,0.0,0.0,45.0,0.1,0,20250924_221715,04,0.9,0.85,0.9,0.9,0.8,0.9,0.95,,0.9,0.5,0.2925,Medium,0.65,,,,False,1840,,0.1,,,,1,0,1,1,Optimized,tough,"(230.0, 260.0]","(5.0, 10.0]","(3.0, 6.0]",0.8389094939514206,0.500368070807247,1.0,0.7797591882528891
17.29146732591446,0.1879019990298092,1.2415353732065988,5.418813746375608,231.94547469757103,4.424013783605843,0.25,0.0,0.0,0.21,72.09909530184913,8.97,bo_suggested,0.7360284923058398,25.036402643654817,21.046043111199495,57.00522289125562,9.776667639361252,80.05415480851478,,0.893232086720759,8.018875577900786,36.69247163562988,0.3870229124133004,0.1799345359619989,0.0,0.0,0.0,0.0,45.0,0.1,0,20250924_221715,04,0.9,0.9,0.9,0.85,0.8,0.9,0.95,0.85,0.85,0.2,0.17,High,1.0,,,,False,1827,,0.0,0.0,,,1,0,1,1,Optimized,tough,"(230.0, 260.0]","(5.0, 10.0]","(3.0, 6.0]",0.8389094939514206,0.500368070807247,1.0,0.7797591882528891
16.378665384388984,0.0,0.5342107419139988,5.4030138005371136,238.66271499964873,3.236027955361099,0.25,0.0,0.0,0.21,73.90712387369702,8.97,bo_suggested,0.7616157075413433,25.05567001318246,19.869629979095738,44.39019984360824,7.613131013340106,81.0503434930142,,0.8934848415487522,7.74437888887773,35.56884027048075,0.3904426600463629,0.170163828438963,0.0,0.0,0.0,0.0,45.0,0.1,0,20250924_221715,04,0.9,0.85,0.9,0.9,0.8,0.9,0.95,,0.9,0.5,0.2925,Medium,0.65,,,,False,1840,,0.1,,,,1,0,0,1,Optimized,tough,"(230.0, 260.0]","(5.0, 10.0]","(3.0, 6.0]",0.9732542999929745,0.4976595086635051,1.0,0.8236379362188266
16.378665384388984,0.0,0.5342107419139988,5.4030138005371136,238.66271499964873,3.236027955361099,0.25,0.0,0.0,0.21,73.90712387369702,8.97,bo_suggested,0.7616157075413433,25.05567001318246,19.869629979095738,44.39019984360824,7.613131013340106,81.0503434930142,,0.8934848415487522,7.74437888887773,35.56884027048075,0.3904426600463629,0.170163828438963,0.0,0.0,0.0,0.0,45.0,0.1,0,20250924_221715,04,0.9,0.9,0.9,0.85,0.8,0.9,0.95,0.85,0.85,0.2,0.17,High,1.0,,,,False,1827,,0.0,0.0,,,1,0,0,1,Optimized,tough,"(230.0, 260.0]","(5.0, 10.0]","(3.0, 6.0]",0.9732542999929745,0.4976595086635051,1.0,0.8236379362188266
9.81305203845446,0.0,2.384447596799933,5.350765481712212,230.19851673779425,5.965362207124742,0.25,0.0,0.0,0.21,78.6225003647456,8.97,bo_suggested,0.9547845512675448,25.025565841292753,22.401587301964597,44.15897707215273,7.573475205108554,87.77146331819166,,0.8965609249138092,5.76061195502694,27.764766120462426,0.4141941900681578,0.1023023140909775,0.0,0.0,0.0,0.0,45.0,0.1,0,20250924_221715,04,0.9,0.85,0.9,0.9,0.8,0.9,0.95,,0.9,0.5,0.2925,Medium,0.65,,,,False,1840,,0.1,,,,1,0,0,1,Optimized,tough,"(230.0, 260.0]","(5.0, 10.0]","(3.0, 6.0]",0.803970334755885,0.48870265400780777,1.0,0.7642243295878975
9.81305203845446,0.0,2.384447596799933,5.350765481712212,230.19851673779425,5.965362207124742,0.25,0.0,0.0,0.21,78.6225003647456,8.97,bo_suggested,0.9547845512675448,25.025565841292753,22.401587301964597,44.15897707215273,7.573475205108554,87.77146331819166,,0.8965609249138092,5.76061195502694,27.764766120462426,0.4141941900681578,0.1023023140909775,0.0,0.0,0.0,0.0,45.0,0.1,0,20250924_221715,04,0.9,0.9,0.9,0.85,0.8,0.9,0.95,0.85,0.85,0.2,0.17,High,1.0,,,,False,1827,,0.0,0.0,,,1,0,0,1,Optimized,tough,"(230.0, 260.0]","(5.0, 10.0]","(3.0, 6.0]",0.803970334755885,0.48870265400780777,1.0,0.7642243295878975
17.325542940965633,4.647246984196664,2.624288478807546,3.6059187711809058,229.2016359302349,5.68645323016091,0.25,0.0,0.0,0.21,66.22292159603016,8.97,bo_suggested,0.7135112731889882,25.012860992664635,20.562604231841725,43.8218565395604,7.515657425712322,79.15280951366731,,0.8931826934522064,8.263097221276094,37.701677502027934,0.3839514162981758,0.188710239148069,0.0,0.0,0.0,0.0,45.0,0.1,0,20250924_221715,04,0.9,0.85,0.9,0.9,0.8,0.9,0.95,,0.9,0.5,0.2925,Medium,0.65,,,,False,1840,,0.1,,,,1,0,1,1,Optimized,tough,"(200.0, 230.0]","(-0.001, 5.0]","(3.0, 6.0]",0.7840327186046977,0.18958607505958383,1.0,0.6578729312214272
17.325542940965633,4.647246984196664,2.624288478807546,3.6059187711809058,229.2016359302349,5.68645323016091,0.25,0.0,0.0,0.21,66.22292159603016,8.97,bo_suggested,0.7135112731889882,25.012860992664635,20.562604231841725,43.8218565395604,7.515657425712322,79.15280951366731,,0.8931826934522064,8.263097221276094,37.701677502027934,0.3839514162981758,0.188710239148069,0.0,0.0,0.0,0.0,45.0,0.1,0,20250924_221715,04,0.9,0.9,0.9,0.85,0.8,0.9,0.95,0.85,0.85,0.2,0.17,High,1.0,,,,False,1827,,0.0,0.0,,,1,0,1,1,Optimized,tough,"(200.0, 230.0]","(-0.001, 5.0]","(3.0, 6.0]",0.7840327186046977,0.18958607505958383,1.0,0.6578729312214272
10.57636128224122,0.6268690071403494,2.1101684046362355,3.767384603129395,220.1542514390059,2.243101540707804,0.25,0.0,0.0,0.21,77.5066013059822,8.97,bo_suggested,0.928763309163049,25.030054937279633,22.303360514322037,48.05201332349548,8.24114949190099,86.93727908329146,,0.8961668089236439,6.0197836658135415,28.754268289154034,0.4111826617286616,0.1109066807752524,0.0,0.0,0.0,0.0,45.0,0.1,0,20250924_221715,05,0.9,0.9,1.0,1.0,0.9,0.9,0.7,0.9,0.8,0.5,0.26,Medium,0.65,,,,False,1641,,0.1,,0.1,0.9,1,0,1,1,Optimized,tough,"(200.0, 230.0]","(-0.001, 5.0]","(-0.001, 3.0]",0.6030850287801178,0.21726593196503916,1.0,0.606783653581719
10.57636128224122,0.6268690071403494,2.1101684046362355,3.767384603129395,220.1542514390059,2.243101540707804,0.25,0.0,0.0,0.21,77.5066013059822,8.97,bo_suggested,0.928763309163049,25.030054937279633,22.303360514322037,48.05201332349548,8.24114949190099,86.93727908329146,,0.8961668089236439,6.0197836658135415,28.754268289154034,0.4111826617286616,0.1109066807752524,0.0,0.0,0.0,0.0,45.0,0.1,0,20250924_221715,05,0.8,0.9,0.8,0.75,0.8,0.8,0.2,,0.8,0.4,0.112,Low,0.35,,,,False,2286,0.7,0.1,,,,1,0,1,1,Optimized,tough,"(200.0, 230.0]","(-0.001, 5.0]","(-0.001, 3.0]",0.6030850287801178,0.21726593196503916,1.0,0.606783653581719
10.57636128224122,0.6268690071403494,2.1101684046362355,3.767384603129395,220.1542514390059,2.243101540707804,0.25,0.0,0.0,0.21,77.5066013059822,8.97,bo_suggested,0.928763309163049,25.030054937279633,22.303360514322037,48.05201332349548,8.24114949190099,86.93727908329146,,0.8961668089236439,6.0197836658135415,28.754268289154034,0.4111826617286616,0.1109066807752524,0.0,0.0,0.0,0.0,45.0,0.1,0,20250924_221715,05,0.1,0.8,0.6,0.6,0.7,0.2,0.0,,0.25,0.1,0.025,High,1.0,,,,False,1931,0.1,,,,,1,0,1,1,Optimized,tough,"(200.0, 230.0]","(-0.001, 5.0]","(-0.001, 3.0]",0.6030850287801178,0.21726593196503916,1.0,0.606783653581719
9.56356596004024,5.500755999412945,1.518165277699087,3.712168279478668,202.60982284051977,4.853919057974207,0.25,0.0,0.0,0.21,74.23751276284773,8.97,bo_suggested,0.9451416865668136,25.00995439823725,21.772384409298745,31.573320841320957,5.414975128250281,87.46459885168932,,0.8962932672284808,5.856393515348499,28.12944826939967,0.4130842878757401,0.105473463212171,0.0,0.0,0.0,0.0,45.0,0.1,0,20250924_221715,05,0.9,0.9,1.0,1.0,0.9,0.9,0.7,0.9,0.8,0.5,0.26,Medium,0.65,,,,False,1641,,0.1,,0.1,0.9,1,0,1,1,Optimized,tough,"(200.0, 230.0]","(-0.001, 5.0]","(3.0, 6.0]",0.2521964568103954,0.20780027648205734,1.0,0.4866655777641509
9.56356596004024,5.500755999412945,1.518165277699087,3.712168279478668,202.60982284051977,4.853919057974207,0.25,0.0,0.0,0.21,74.23751276284773,8.97,bo_suggested,0.9451416865668136,25.00995439823725,21.772384409298745,31.573320841320957,5.414975128250281,87.46459885168932,,0.8962932672284808,5.856393515348499,28.12944826939967,0.4130842878757401,0.105473463212171,0.0,0.0,0.0,0.0,45.0,0.1,0,20250924_221715,05,0.8,0.9,0.8,0.75,0.8,0.8,0.2,,0.8,0.4,0.112,Low,0.35,,,,False,2286,0.7,0.1,,,,1,0,1,1,Optimized,tough,"(200.0, 230.0]","(-0.001, 5.0]","(3.0, 6.0]",0.2521964568103954,0.20780027648205734,1.0,0.4866655777641509
9.56356596004024,5.500755999412945,1.518165277699087,3.712168279478668,202.60982284051977,4.853919057974207,0.25,0.0,0.0,0.21,74.23751276284773,8.97,bo_suggested,0.9451416865668136,25.00995439823725,21.772384409298745,31.573320841320957,5.414975128250281,87.46459885168932,,0.8962932672284808,5.856393515348499,28.12944826939967,0.4130842878757401,0.105473463212171,0.0,0.0,0.0,0.0,45.0,0.1,0,20250924_221715,05,0.1,0.8,0.6,0.6,0.7,0.2,0.0,,0.25,0.1,0.025,High,1.0,,,,False,1931,0.1,,,,,1,0,1,1,Optimized,tough,"(200.0, 230.0]","(-0.001, 5.0]","(3.0, 6.0]",0.2521964568103954,0.20780027648205734,1.0,0.4866655777641509
15.724602458197849,5.470624427146616,2.1731055259929493,5.125717761721981,218.3257621977205,5.549855265835565,0.25,0.0,0.0,0.21,67.45166758866259,8.97,bo_suggested,0.7544726698541472,25.020592871148352,21.5303564820618,57.2611053960222,9.820552709481976,80.77514219710338,,0.893730369287189,7.820694519881368,35.88011033016613,0.3894953163864509,0.1728705246101402,0.0,0.0,0.0,0.0,45.0,0.1,0,20250924_221715,05,0.9,0.9,1.0,1.0,0.9,0.9,0.7,0.9,0.8,0.5,0.26,Medium,0.65,,,,False,1641,,0.1,,0.1,0.9,1,0,1,1,Optimized,tough,"(200.0, 230.0]","(5.0, 10.0]","(3.0, 6.0]",0.5665152439544101,0.45012304486662535,1.0,0.6722127629403452
15.724602458197849,5.470624427146616,2.1731055259929493,5.125717761721981,218.3257621977205,5.549855265835565,0.25,0.0,0.0,0.21,67.45166758866259,8.97,bo_suggested,0.7544726698541472,25.020592871148352,21.5303564820618,57.2611053960222,9.820552709481976,80.77514219710338,,0.893730369287189,7.820694519881368,35.88011033016613,0.3894953163864509,0.1728705246101402,0.0,0.0,0.0,0.0,45.0,0.1,0,20250924_221715,05,0.8,0.9,0.8,0.75,0.8,0.8,0.2,,0.8,0.4,0.112,Low,0.35,,,,False,2286,0.7,0.1,,,,1,0,1,1,Optimized,tough,"(200.0, 230.0]","(5.0, 10.0]","(3.0, 6.0]",0.5665152439544101,0.45012304486662535,1.0,0.6722127629403452
15.724602458197849,5.470624427146616,2.1731055259929493,5.125717761721981,218.3257621977205,5.549855265835565,0.25,0.0,0.0,0.21,67.45166758866259,8.97,bo_suggested,0.7544726698541472,25.020592871148352,21.5303564820618,57.2611053960222,9.820552709481976,80.77514219710338,,0.893730369287189,7.820694519881368,35.88011033016613,0.3894953163864509,0.1728705246101402,0.0,0.0,0.0,0.0,45.0,0.1,0,20250924_221715,05,0.1,0.8,0.6,0.6,0.7,0.2,0.0,,0.25,0.1,0.025,High,1.0,,,,False,1931,0.1,,,,,1,0,1,1,Optimized,tough,"(200.0, 230.0]","(5.0, 10.0]","(3.0, 6.0]",0.5665152439544101,0.45012304486662535,1.0,0.6722127629403452
13.489690590973495,16.810689749149542,0.7439765129106992,5.376732579308841,234.56609809426868,1.754335706246664,0.25,0.0,0.0,0.21,59.77564314696626,8.97,bo_suggested,0.7660192314920207,25.094720611527883,20.77253394639653,53.1943198489304,9.12307958968871,81.21890776534592,,0.8936592095634568,7.697450656959999,35.37785891055411,0.391023907663531,0.1685031209613401,0.0,0.0,0.0,0.0,45.0,0.1,0,20250924_221715,05,0.9,0.9,1.0,1.0,0.9,0.9,0.7,0.9,0.8,0.5,0.26,Medium,0.65,,,,False,1641,,0.1,,0.1,0.9,1,0,1,1,Optimized,tough,"(230.0, 260.0]","(5.0, 10.0]","(-0.001, 3.0]",0.8913219618853736,0.4931541564529442,1.0,0.7948253727794393
13.489690590973495,16.810689749149542,0.7439765129106992,5.376732579308841,234.56609809426868,1.754335706246664,0.25,0.0,0.0,0.21,59.77564314696626,8.97,bo_suggested,0.7660192314920207,25.094720611527883,20.77253394639653,53.1943198489304,9.12307958968871,81.21890776534592,,0.8936592095634568,7.697450656959999,35.37785891055411,0.391023907663531,0.1685031209613401,0.0,0.0,0.0,0.0,45.0,0.1,0,20250924_221715,05,0.8,0.9,0.8,0.75,0.8,0.8,0.2,,0.8,0.4,0.112,Low,0.35,,,,False,2286,0.7,0.1,,,,1,0,1,1,Optimized,tough,"(230.0, 260.0]","(5.0, 10.0]","(-0.001, 3.0]",0.8913219618853736,0.4931541564529442,1.0,0.7948253727794393
13.489690590973495,16.810689749149542,0.7439765129106992,5.376732579308841,234.56609809426868,1.754335706246664,0.25,0.0,0.0,0.21,59.77564314696626,8.97,bo_suggested,0.7660192314920207,25.094720611527883,20.77253394639653,53.1943198489304,9.12307958968871,81.21890776534592,,0.8936592095634568,7.697450656959999,35.37785891055411,0.391023907663531,0.1685031209613401,0.0,0.0,0.0,0.0,45.0,0.1,0,20250924_221715,05,0.1,0.8,0.6,0.6,0.7,0.2,0.0,,0.25,0.1,0.025,High,1.0,,,,False,1931,0.1,,,,,1,0,1,1,Optimized,tough,"(230.0, 260.0]","(5.0, 10.0]","(-0.001, 3.0]",0.8913219618853736,0.4931541564529442,1.0,0.7948253727794393
8.911163828127611,4.067147843603186,1.34241653390524,3.341097130101486,219.7723513665895,1.276236403352189,0.25,0.0,0.0,0.21,76.49927179436396,8.97,bo_suggested,0.9715322110377482,25.04257733376872,22.149011855854543,42.995216855246376,7.373884776801509,88.29826137775069,,0.8965953216813597,5.594973422525305,27.136864329141012,0.4161051955200056,0.0968422985142696,0.0,0.0,0.0,0.0,45.0,0.1,0,20250924_221715,06,0.8,0.9,0.8,0.7,0.7,0.8,0.4,,0.4,0.3,0.12,High,1.0,,,,False,1774,0.1,,,,,1,0,1,1,Optimized,tough,"(200.0, 230.0]","(-0.001, 5.0]","(-0.001, 3.0]",0.5954470273317901,0.144188079445969,1.0,0.5798783689259197
8.911163828127611,4.067147843603186,1.34241653390524,3.341097130101486,219.7723513665895,1.276236403352189,0.25,0.0,0.0,0.21,76.49927179436396,8.97,bo_suggested,0.9715322110377482,25.04257733376872,22.149011855854543,42.995216855246376,7.373884776801509,88.29826137775069,,0.8965953216813597,5.594973422525305,27.136864329141012,0.4161051955200056,0.0968422985142696,0.0,0.0,0.0,0.0,45.0,0.1,0,20250924_221715,06,0.9,0.7,0.9,0.8,0.85,0.9,1.0,,0.85,0.3,0.255,High,1.0,,,,False,1811,0.1,0.1,,,,1,0,1,1,Optimized,tough,"(200.0, 230.0]","(-0.001, 5.0]","(-0.001, 3.0]",0.5954470273317901,0.144188079445969,1.0,0.5798783689259197
8.911163828127611,4.067147843603186,1.34241653390524,3.341097130101486,219.7723513665895,1.276236403352189,0.25,0.0,0.0,0.21,76.49927179436396,8.97,bo_suggested,0.9715322110377482,25.04257733376872,22.149011855854543,42.995216855246376,7.373884776801509,88.29826137775069,,0.8965953216813597,5.594973422525305,27.136864329141012,0.4161051955200056,0.0968422985142696,0.0,0.0,0.0,0.0,45.0,0.1,0,20250924_221715,06,0.8,0.9,0.7,0.9,0.9,1.0,1.0,,0.6,0.7,0.42,High,1.0,,,,False,1394,,,,0.2,,1,0,1,1,Optimized,tough,"(200.0, 230.0]","(-0.001, 5.0]","(-0.001, 3.0]",0.5954470273317901,0.144188079445969,1.0,0.5798783689259197
8.911163828127611,4.067147843603186,1.34241653390524,3.341097130101486,219.7723513665895,1.276236403352189,0.25,0.0,0.0,0.21,76.49927179436396,8.97,bo_suggested,0.9715322110377482,25.04257733376872,22.149011855854543,42.995216855246376,7.373884776801509,88.29826137775069,,0.8965953216813597,5.594973422525305,27.136864329141012,0.4161051955200056,0.0968422985142696,0.0,0.0,0.0,0.0,45.0,0.1,0,20250924_221715,06,0.1,0.6,0.8,0.5,0.7,0.2,0.0,,0.25,0.1,0.025,High,1.0,,,,False,2175,0.3,0.1,,,,1,0,1,1,Optimized,tough,"(200.0, 230.0]","(-0.001, 5.0]","(-0.001, 3.0]",0.5954470273317901,0.144188079445969,1.0,0.5798783689259197
13.262334769696302,0.0,1.2928559318872923,5.731359668368672,221.04450369855945,4.2999311924131725,0.25,0.0,0.0,0.21,76.26480929841641,8.97,bo_suggested,0.8497334268884796,25.03442479979792,21.58847519202232,51.39708960391625,8.814846029924725,84.2765898700976,,0.8949191215994377,6.821457920636839,31.87095875560749,0.4016970820481511,0.1380083370052824,0.0,0.0,0.0,0.0,45.0,0.1,0,20250924_221715,06,0.8,0.9,0.8,0.7,0.7,0.8,0.4,,0.4,0.3,0.12,High,1.0,,,,False,1774,0.1,,,,,1,0,0,1,Optimized,tough,"(200.0, 230.0]","(5.0, 10.0]","(3.0, 6.0]",0.620890073971189,0.5539473717203437,1.0,0.7249458152305109
13.262334769696302,0.0,1.2928559318872923,5.731359668368672,221.04450369855945,4.2999311924131725,0.25,0.0,0.0,0.21,76.26480929841641,8.97,bo_suggested,0.8497334268884796,25.03442479979792,21.58847519202232,51.39708960391625,8.814846029924725,84.2765898700976,,0.8949191215994377,6.821457920636839,31.87095875560749,0.4016970820481511,0.1380083370052824,0.0,0.0,0.0,0.0,45.0,0.1,0,20250924_221715,06,0.9,0.7,0.9,0.8,0.85,0.9,1.0,,0.85,0.3,0.255,High,1.0,,,,False,1811,0.1,0.1,,,,1,0,0,1,Optimized,tough,"(200.0, 230.0]","(5.0, 10.0]","(3.0, 6.0]",0.620890073971189,0.5539473717203437,1.0,0.7249458152305109
13.262334769696302,0.0,1.2928559318872923,5.731359668368672,221.04450369855945,4.2999311924131725,0.25,0.0,0.0,0.21,76.26480929841641,8.97,bo_suggested,0.8497334268884796,25.03442479979792,21.58847519202232,51.39708960391625,8.814846029924725,84.2765898700976,,0.8949191215994377,6.821457920636839,31.87095875560749,0.4016970820481511,0.1380083370052824,0.0,0.0,0.0,0.0,45.0,0.1,0,20250924_221715,06,0.8,0.9,0.7,0.9,0.9,1.0,1.0,,0.6,0.7,0.42,High,1.0,,,,False,1394,,,,0.2,,1,0,0,1,Optimized,tough,"(200.0, 230.0]","(5.0, 10.0]","(3.0, 6.0]",0.620890073971189,0.5539473717203437,1.0,0.7249458152305109
13.262334769696302,0.0,1.2928559318872923,5.731359668368672,221.04450369855945,4.2999311924131725,0.25,0.0,0.0,0.21,76.26480929841641,8.97,bo_suggested,0.8497334268884796,25.03442479979792,21.58847519202232,51.39708960391625,8.814846029924725,84.2765898700976,,0.8949191215994377,6.821457920636839,31.87095875560749,0.4016970820481511,0.1380083370052824,0.0,0.0,0.0,0.0,45.0,0.1,0,20250924_221715,06,0.1,0.6,0.8,0.5,0.7,0.2,0.0,,0.25,0.1,0.025,High,1.0,,,,False,2175,0.3,0.1,,,,1,0,0,1,Optimized,tough,"(200.0, 230.0]","(5.0, 10.0]","(3.0, 6.0]",0.620890073971189,0.5539473717203437,1.0,0.7249458152305109
11.494752172491786,0.0,1.2512749965565608,3.1914146145646898,221.19157058609517,2.6797553678225303,0.25,0.0,0.0,0.21,78.07397283095165,8.97,bo_suggested,0.9026024388024724,25.019219737639094,21.489117432291305,38.62859065634108,6.624987554989698,86.07847341965628,,0.8956432508336232,6.2826617367953235,29.76683346952559,0.4081009416144873,0.119711595387179,0.0,0.0,0.0,0.0,45.0,0.1,0,20250924_221715,06,0.8,0.9,0.8,0.7,0.7,0.8,0.4,,0.4,0.3,0.12,High,1.0,,,,False,1774,0.1,,,,,1,0,0,1,Optimized,tough,"(200.0, 230.0]","(-0.001, 5.0]","(-0.001, 3.0]",0.6238314117219034,0.11852821963966109,1.0,0.5807865437871881
11.494752172491786,0.0,1.2512749965565608,3.1914146145646898,221.19157058609517,2.6797553678225303,0.25,0.0,0.0,0.21,78.07397283095165,8.97,bo_suggested,0.9026024388024724,25.019219737639094,21.489117432291305,38.62859065634108,6.624987554989698,86.07847341965628,,0.8956432508336232,6.2826617367953235,29.76683346952559,0.4081009416144873,0.119711595387179,0.0,0.0,0.0,0.0,45.0,0.1,0,20250924_221715,06,0.9,0.7,0.9,0.8,0.85,0.9,1.0,,0.85,0.3,0.255,High,1.0,,,,False,1811,0.1,0.1,,,,1,0,0,1,Optimized,tough,"(200.0, 230.0]","(-0.001, 5.0]","(-0.001, 3.0]",0.6238314117219034,0.11852821963966109,1.0,0.5807865437871881
11.494752172491786,0.0,1.2512749965565608,3.1914146145646898,221.19157058609517,2.6797553678225303,0.25,0.0,0.0,0.21,78.07397283095165,8.97,bo_suggested,0.9026024388024724,25.019219737639094,21.489117432291305,38.62859065634108,6.624987554989698,86.07847341965628,,0.8956432508336232,6.2826617367953235,29.76683346952559,0.4081009416144873,0.119711595387179,0.0,0.0,0.0,0.0,45.0,0.1,0,20250924_221715,06,0.8,0.9,0.7,0.9,0.9,1.0,1.0,,0.6,0.7,0.42,High,1.0,,,,False,1394,,,,0.2,,1,0,0,1,Optimized,tough,"(200.0, 230.0]","(-0.001, 5.0]","(-0.001, 3.0]",0.6238314117219034,0.11852821963966109,1.0,0.5807865437871881
11.494752172491786,0.0,1.2512749965565608,3.1914146145646898,221.19157058609517,2.6797553678225303,0.25,0.0,0.0,0.21,78.07397283095165,8.97,bo_suggested,0.9026024388024724,25.019219737639094,21.489117432291305,38.62859065634108,6.624987554989698,86.07847341965628,,0.8956432508336232,6.2826617367953235,29.76683346952559,0.4081009416144873,0.119711595387179,0.0,0.0,0.0,0.0,45.0,0.1,0,20250924_221715,06,0.1,0.6,0.8,0.5,0.7,0.2,0.0,,0.25,0.1,0.025,High,1.0,,,,False,2175,0.3,0.1,,,,1,0,0,1,Optimized,tough,"(200.0, 230.0]","(-0.001, 5.0]","(-0.001, 3.0]",0.6238314117219034,0.11852821963966109,1.0,0.5807865437871881
8.109920409855617,15.139391770133798,2.3503938231573853,4.97458008459458,222.72674569234707,7.670625260508508,0.25,0.0,0.0,0.21,65.2202939968532,8.97,bo_suggested,0.9628841072054364,25.015217593178768,22.29149986597872,36.66690526149113,6.2885491525818535,88.02720035415308,,0.8967757088210078,5.6803932538088375,27.460239055409488,0.4151210115704928,0.0996542526557347,0.0,0.0,0.0,0.0,45.0,0.1,0,20250924_221715,06,0.8,0.9,0.8,0.7,0.7,0.8,0.4,,0.4,0.3,0.12,High,1.0,,,,False,1774,0.1,,,,,1,0,1,1,Optimized,tough,"(200.0, 230.0]","(-0.001, 5.0]","(6.0, 12.0]",0.6545349138469413,0.4242137287876422,1.0,0.6929162142115278
8.109920409855617,15.139391770133798,2.3503938231573853,4.97458008459458,222.72674569234707,7.670625260508508,0.25,0.0,0.0,0.21,65.2202939968532,8.97,bo_suggested,0.9628841072054364,25.015217593178768,22.29149986597872,36.66690526149113,6.2885491525818535,88.02720035415308,,0.8967757088210078,5.6803932538088375,27.460239055409488,0.4151210115704928,0.0996542526557347,0.0,0.0,0.0,0.0,45.0,0.1,0,20250924_221715,06,0.9,0.7,0.9,0.8,0.85,0.9,1.0,,0.85,0.3,0.255,High,1.0,,,,False,1811,0.1,0.1,,,,1,0,1,1,Optimized,tough,"(200.0, 230.0]","(-0.001, 5.0]","(6.0, 12.0]",0.6545349138469413,0.4242137287876422,1.0,0.6929162142115278
8.109920409855617,15.139391770133798,2.3503938231573853,4.97458008459458,222.72674569234707,7.670625260508508,0.25,0.0,0.0,0.21,65.2202939968532,8.97,bo_suggested,0.9628841072054364,25.015217593178768,22.29149986597872,36.66690526149113,6.2885491525818535,88.02720035415308,,0.8967757088210078,5.6803932538088375,27.460239055409488,0.4151210115704928,0.0996542526557347,0.0,0.0,0.0,0.0,45.0,0.1,0,20250924_221715,06,0.8,0.9,0.7,0.9,0.9,1.0,1.0,,0.6,0.7,0.42,High,1.0,,,,False,1394,,,,0.2,,1,0,1,1,Optimized,tough,"(200.0, 230.0]","(-0.001, 5.0]","(6.0, 12.0]",0.6545349138469413,0.4242137287876422,1.0,0.6929162142115278
8.109920409855617,15.139391770133798,2.3503938231573853,4.97458008459458,222.72674569234707,7.670625260508508,0.25,0.0,0.0,0.21,65.2202939968532,8.97,bo_suggested,0.9628841072054364,25.015217593178768,22.29149986597872,36.66690526149113,6.2885491525818535,88.02720035415308,,0.8967757088210078,5.6803932538088375,27.460239055409488,0.4151210115704928,0.0996542526557347,0.0,0.0,0.0,0.0,45.0,0.1,0,20250924_221715,06,0.1,0.6,0.8,0.5,0.7,0.2,0.0,,0.25,0.1,0.025,High,1.0,,,,False,2175,0.3,0.1,,,,1,0,1,1,Optimized,tough,"(200.0, 230.0]","(-0.001, 5.0]","(6.0, 12.0]",0.6545349138469413,0.4242137287876422,1.0,0.6929162142115278
12.597419839741818,0.8777943781729781,1.5271445618074364,5.699011742345682,220.15101945090888,7.01836454281638,0.25,0.0,0.0,0.21,75.81764122027776,8.97,bo_suggested,0.8660378547788952,25.020539981488472,21.712980970374023,47.76908418795871,8.192625795591416,84.8421638265905,,0.8951978319127,6.654179918052581,31.21349713826077,0.403698052187902,0.1322912794631371,0.0,0.0,0.0,0.0,45.0,0.1,0,20250924_221715,07,0.8,0.9,0.9,0.7,0.8,0.9,0.6,,0.7,0.4,0.182,Medium,0.65,,,,False,1917,,0.1,,,,1,0,1,1,Optimized,tough,"(200.0, 230.0]","(5.0, 10.0]","(6.0, 12.0]",0.6030203890181776,0.5484020129735455,1.0,0.7171408006639077
12.597419839741818,0.8777943781729781,1.5271445618074364,5.699011742345682,220.15101945090888,7.01836454281638,0.25,0.0,0.0,0.21,75.81764122027776,8.97,bo_suggested,0.8660378547788952,25.020539981488472,21.712980970374023,47.76908418795871,8.192625795591416,84.8421638265905,,0.8951978319127,6.654179918052581,31.21349713826077,0.403698052187902,0.1322912794631371,0.0,0.0,0.0,0.0,45.0,0.1,0,20250924_221715,07,0.9,0.9,0.95,0.9,0.95,1.0,0.9,1.0,0.95,0.6,0.57,High,1.0,,,,False,1969,,,,,,1,0,1,1,Optimized,tough,"(200.0, 230.0]","(5.0, 10.0]","(6.0, 12.0]",0.6030203890181776,0.5484020129735455,1.0,0.7171408006639077
12.597419839741818,0.8777943781729781,1.5271445618074364,5.699011742345682,220.15101945090888,7.01836454281638,0.25,0.0,0.0,0.21,75.81764122027776,8.97,bo_suggested,0.8660378547788952,25.020539981488472,21.712980970374023,47.76908418795871,8.192625795591416,84.8421638265905,,0.8951978319127,6.654179918052581,31.21349713826077,0.403698052187902,0.1322912794631371,0.0,0.0,0.0,0.0,45.0,0.1,0,20250924_221715,07,0.9,0.9,0.9,0.8,0.8,0.9,1.0,,0.9,0.2,0.18,High,1.0,,,,False,1711,0.6,0.0,,,,1,0,1,1,Optimized,tough,"(200.0, 230.0]","(5.0, 10.0]","(6.0, 12.0]",0.6030203890181776,0.5484020129735455,1.0,0.7171408006639077
12.597419839741818,0.8777943781729781,1.5271445618074364,5.699011742345682,220.15101945090888,7.01836454281638,0.25,0.0,0.0,0.21,75.81764122027776,8.97,bo_suggested,0.8660378547788952,25.020539981488472,21.712980970374023,47.76908418795871,8.192625795591416,84.8421638265905,,0.8951978319127,6.654179918052581,31.21349713826077,0.403698052187902,0.1322912794631371,0.0,0.0,0.0,0.0,45.0,0.1,0,20250924_221715,07,0.1,0.8,0.6,0.7,0.7,0.2,0.0,0.8,0.3,0.2,0.06,High,1.0,,,,False,2037,,,,,0.7,1,0,1,1,Optimized,tough,"(200.0, 230.0]","(5.0, 10.0]","(6.0, 12.0]",0.6030203890181776,0.5484020129735455,1.0,0.7171408006639077
17.834211756341354,0.0,1.559392965149543,2.85846384123857,220.5020769205757,2.254051058412843,0.25,0.0,0.0,0.21,71.4263952785091,8.97,bo_suggested,0.7224591210940667,25.01876295845355,20.85083915267599,51.85062792181883,8.892630014811637,79.51384443860495,,0.8930821998004627,8.165742255063494,37.29829026409267,0.385179116587544,0.1852025240355884,0.0,0.0,0.0,0.0,45.0,0.1,0,20250924_221715,07,0.8,0.9,0.9,0.7,0.8,0.9,0.6,,0.7,0.4,0.182,Medium,0.65,,,,False,1917,,0.1,,,,1,0,0,1,Optimized,tough,"(200.0, 230.0]","(-0.001, 5.0]","(-0.001, 3.0]",0.6100415384115138,0.06145094421232626,1.0,0.5571641608746133
17.834211756341354,0.0,1.559392965149543,2.85846384123857,220.5020769205757,2.254051058412843,0.25,0.0,0.0,0.21,71.4263952785091,8.97,bo_suggested,0.7224591210940667,25.01876295845355,20.85083915267599,51.85062792181883,8.892630014811637,79.51384443860495,,0.8930821998004627,8.165742255063494,37.29829026409267,0.385179116587544,0.1852025240355884,0.0,0.0,0.0,0.0,45.0,0.1,0,20250924_221715,07,0.9,0.9,0.95,0.9,0.95,1.0,0.9,1.0,0.95,0.6,0.57,High,1.0,,,,False,1969,,,,,,1,0,0,1,Optimized,tough,"(200.0, 230.0]","(-0.001, 5.0]","(-0.001, 3.0]",0.6100415384115138,0.06145094421232626,1.0,0.5571641608746133
17.834211756341354,0.0,1.559392965149543,2.85846384123857,220.5020769205757,2.254051058412843,0.25,0.0,0.0,0.21,71.4263952785091,8.97,bo_suggested,0.7224591210940667,25.01876295845355,20.85083915267599,51.85062792181883,8.892630014811637,79.51384443860495,,0.8930821998004627,8.165742255063494,37.29829026409267,0.385179116587544,0.1852025240355884,0.0,0.0,0.0,0.0,45.0,0.1,0,20250924_221715,07,0.9,0.9,0.9,0.8,0.8,0.9,1.0,,0.9,0.2,0.18,High,1.0,,,,False,1711,0.6,0.0,,,,1,0,0,1,Optimized,tough,"(200.0, 230.0]","(-0.001, 5.0]","(-0.001, 3.0]",0.6100415384115138,0.06145094421232626,1.0,0.5571641608746133
17.834211756341354,0.0,1.559392965149543,2.85846384123857,220.5020769205757,2.254051058412843,0.25,0.0,0.0,0.21,71.4263952785091,8.97,bo_suggested,0.7224591210940667,25.01876295845355,20.85083915267599,51.85062792181883,8.892630014811637,79.51384443860495,,0.8930821998004627,8.165742255063494,37.29829026409267,0.385179116587544,0.1852025240355884,0.0,0.0,0.0,0.0,45.0,0.1,0,20250924_221715,07,0.1,0.8,0.6,0.7,0.7,0.2,0.0,0.8,0.3,0.2,0.06,High,1.0,,,,False,2037,,,,,0.7,1,0,0,1,Optimized,tough,"(200.0, 230.0]","(-0.001, 5.0]","(-0.001, 3.0]",0.6100415384115138,0.06145094421232626,1.0,0.5571641608746133
12.12119978574431,0.0,1.57949961940192,6.7576623213207325,219.56691458896915,6.671743677176579,0.25,0.0,0.0,0.21,77.11930059485377,8.97,bo_suggested,0.8836008471023711,25.02972205611686,21.92295401284648,50.25785253302587,8.61946143813422,85.44139866644656,,0.8954471902225332,6.475116861628385,30.51392841140851,0.405827174400061,0.1262080731426827,0.0,0.0,0.0,0.0,45.0,0.1,0,20250924_221715,07,0.8,0.9,0.9,0.7,0.8,0.9,0.6,,0.7,0.4,0.182,Medium,0.65,,,,False,1917,,0.1,,,,1,0,0,1,Optimized,tough,"(200.0, 230.0]","(5.0, 10.0]","(6.0, 12.0]",0.5913382917793831,0.7298849693692684,1.0,0.7737410870495505
12.12119978574431,0.0,1.57949961940192,6.7576623213207325,219.56691458896915,6.671743677176579,0.25,0.0,0.0,0.21,77.11930059485377,8.97,bo_suggested,0.8836008471023711,25.02972205611686,21.92295401284648,50.25785253302587,8.61946143813422,85.44139866644656,,0.8954471902225332,6.475116861628385,30.51392841140851,0.405827174400061,0.1262080731426827,0.0,0.0,0.0,0.0,45.0,0.1,0,20250924_221715,07,0.9,0.9,0.95,0.9,0.95,1.0,0.9,1.0,0.95,0.6,0.57,High,1.0,,,,False,1969,,,,,,1,0,0,1,Optimized,tough,"(200.0, 230.0]","(5.0, 10.0]","(6.0, 12.0]",0.5913382917793831,0.7298849693692684,1.0,0.7737410870495505
12.12119978574431,0.0,1.57949961940192,6.7576623213207325,219.56691458896915,6.671743677176579,0.25,0.0,0.0,0.21,77.11930059485377,8.97,bo_suggested,0.8836008471023711,25.02972205611686,21.92295401284648,50.25785253302587,8.61946143813422,85.44139866644656,,0.8954471902225332,6.475116861628385,30.51392841140851,0.405827174400061,0.1262080731426827,0.0,0.0,0.0,0.0,45.0,0.1,0,20250924_221715,07,0.9,0.9,0.9,0.8,0.8,0.9,1.0,,0.9,0.2,0.18,High,1.0,,,,False,1711,0.6,0.0,,,,1,0,0,1,Optimized,tough,"(200.0, 230.0]","(5.0, 10.0]","(6.0, 12.0]",0.5913382917793831,0.7298849693692684,1.0,0.7737410870495505
12.12119978574431,0.0,1.57949961940192,6.7576623213207325,219.56691458896915,6.671743677176579,0.25,0.0,0.0,0.21,77.11930059485377,8.97,bo_suggested,0.8836008471023711,25.02972205611686,21.92295401284648,50.25785253302587,8.61946143813422,85.44139866644656,,0.8954471902225332,6.475116861628385,30.51392841140851,0.405827174400061,0.1262080731426827,0.0,0.0,0.0,0.0,45.0,0.1,0,20250924_221715,07,0.1,0.8,0.6,0.7,0.7,0.2,0.0,0.8,0.3,0.2,0.06,High,1.0,,,,False,2037,,,,,0.7,1,0,0,1,Optimized,tough,"(200.0, 230.0]","(5.0, 10.0]","(6.0, 12.0]",0.5913382917793831,0.7298849693692684,1.0,0.7737410870495505
13.342254915350711,14.599579231649626,1.1946978449914023,4.7641498751938425,234.09782534442775,3.640451122578246,0.25,0.0,0.0,0.21,61.68346800800826,8.97,bo_suggested,0.7823189162611892,25.036113242824943,21.36913155144294,55.2270055785957,9.471694888187235,81.83577065046244,,0.8939954130448498,7.52451781557391,34.676861709412236,0.3931573774061367,0.1624074931253238,0.0,0.0,0.0,0.0,45.0,0.1,0,20250924_221715,07,0.8,0.9,0.9,0.7,0.8,0.9,0.6,,0.7,0.4,0.182,Medium,0.65,,,,False,1917,,0.1,,,,1,0,1,1,Optimized,tough,"(230.0, 260.0]","(-0.001, 5.0]","(3.0, 6.0]",0.881956506888555,0.38813997860465865,1.0,0.756698828497738
13.342254915350711,14.599579231649626,1.1946978449914023,4.7641498751938425,234.09782534442775,3.640451122578246,0.25,0.0,0.0,0.21,61.68346800800826,8.97,bo_suggested,0.7823189162611892,25.036113242824943,21.36913155144294,55.2270055785957,9.471694888187235,81.83577065046244,,0.8939954130448498,7.52451781557391,34.676861709412236,0.3931573774061367,0.1624074931253238,0.0,0.0,0.0,0.0,45.0,0.1,0,20250924_221715,07,0.9,0.9,0.95,0.9,0.95,1.0,0.9,1.0,0.95,0.6,0.57,High,1.0,,,,False,1969,,,,,,1,0,1,1,Optimized,tough,"(230.0, 260.0]","(-0.001, 5.0]","(3.0, 6.0]",0.881956506888555,0.38813997860465865,1.0,0.756698828497738
13.342254915350711,14.599579231649626,1.1946978449914023,4.7641498751938425,234.09782534442775,3.640451122578246,0.25,0.0,0.0,0.21,61.68346800800826,8.97,bo_suggested,0.7823189162611892,25.036113242824943,21.36913155144294,55.2270055785957,9.471694888187235,81.83577065046244,,0.8939954130448498,7.52451781557391,34.676861709412236,0.3931573774061367,0.1624074931253238,0.0,0.0,0.0,0.0,45.0,0.1,0,20250924_221715,07,0.9,0.9,0.9,0.8,0.8,0.9,1.0,,0.9,0.2,0.18,High,1.0,,,,False,1711,0.6,0.0,,,,1,0,1,1,Optimized,tough,"(230.0, 260.0]","(-0.001, 5.0]","(3.0, 6.0]",0.881956506888555,0.38813997860465865,1.0,0.756698828497738
13.342254915350711,14.599579231649626,1.1946978449914023,4.7641498751938425,234.09782534442775,3.640451122578246,0.25,0.0,0.0,0.21,61.68346800800826,8.97,bo_suggested,0.7823189162611892,25.036113242824943,21.36913155144294,55.2270055785957,9.471694888187235,81.83577065046244,,0.8939954130448498,7.52451781557391,34.676861709412236,0.3931573774061367,0.1624074931253238,0.0,0.0,0.0,0.0,45.0,0.1,0,20250924_221715,07,0.1,0.8,0.6,0.7,0.7,0.2,0.0,0.8,0.3,0.2,0.06,High,1.0,,,,False,2037,,,,,0.7,1,0,1,1,Optimized,tough,"(230.0, 260.0]","(-0.001, 5.0]","(3.0, 6.0]",0.881956506888555,0.38813997860465865,1.0,0.756698828497738
13.690184991030629,0.431781880155,1.6763489787191892,2.7226805100122986,221.32956456634236,4.317186672955616,0.25,0.0,0.0,0.21,75.02168415009518,8.97,bo_suggested,0.8354929082839797,25.009172900396617,20.6981969896245,26.80156626510181,4.59659645727675,83.77503838542478,,0.894793886712376,6.968410347860438,32.45170748448258,0.3999295859167922,0.1430583259520224,0.0,0.0,0.0,0.0,45.0,0.1,0,20250924_221715,08,0.9,0.9,0.9,0.8,0.9,0.9,1.0,,0.65,0.5,0.21125,Medium,0.65,,,,False,1879,0.1,0.1,,,,1,0,1,1,Optimized,tough,"(200.0, 230.0]","(-0.001, 5.0]","(3.0, 6.0]",0.6265912913268471,0.03817380171639404,1.0,0.5549216976810804
13.690184991030629,0.431781880155,1.6763489787191892,2.7226805100122986,221.32956456634236,4.317186672955616,0.25,0.0,0.0,0.21,75.02168415009518,8.97,bo_suggested,0.8354929082839797,25.009172900396617,20.6981969896245,26.80156626510181,4.59659645727675,83.77503838542478,,0.894793886712376,6.968410347860438,32.45170748448258,0.3999295859167922,0.1430583259520224,0.0,0.0,0.0,0.0,45.0,0.1,0,20250924_221715,08,1.0,0.9,1.0,0.9,0.9,1.0,1.0,1.0,0.95,1.0,0.95,High,1.0,,,,False,1626,,,,,,1,0,1,1,Optimized,tough,"(200.0, 230.0]","(-0.001, 5.0]","(3.0, 6.0]",0.6265912913268471,0.03817380171639404,1.0,0.5549216976810804
13.690184991030629,0.431781880155,1.6763489787191892,2.7226805100122986,221.32956456634236,4.317186672955616,0.25,0.0,0.0,0.21,75.02168415009518,8.97,bo_suggested,0.8354929082839797,25.009172900396617,20.6981969896245,26.80156626510181,4.59659645727675,83.77503838542478,,0.894793886712376,6.968410347860438,32.45170748448258,0.3999295859167922,0.1430583259520224,0.0,0.0,0.0,0.0,45.0,0.1,0,20250924_221715,08,0.9,0.8,0.9,0.9,0.9,0.95,,,0.95,0.6,0.3705,Medium,0.65,,,,False,1551,,0.1,,,,1,0,1,1,Optimized,tough,"(200.0, 230.0]","(-0.001, 5.0]","(3.0, 6.0]",0.6265912913268471,0.03817380171639404,1.0,0.5549216976810804
13.690184991030629,0.431781880155,1.6763489787191892,2.7226805100122986,221.32956456634236,4.317186672955616,0.25,0.0,0.0,0.21,75.02168415009518,8.97,bo_suggested,0.8354929082839797,25.009172900396617,20.6981969896245,26.80156626510181,4.59659645727675,83.77503838542478,,0.894793886712376,6.968410347860438,32.45170748448258,0.3999295859167922,0.1430583259520224,0.0,0.0,0.0,0.0,45.0,0.1,0,20250924_221715,08,0.7,0.8,0.9,0.7,0.8,0.8,0.1,,0.6,0.4,0.156,Medium,0.65,,,,False,2114,0.6,0.0,,,,1,0,1,1,Optimized,tough,"(200.0, 230.0]","(-0.001, 5.0]","(3.0, 6.0]",0.6265912913268471,0.03817380171639404,1.0,0.5549216976810804
13.09309866699937,0.0,1.6716049253728869,4.287816083824643,220.52141663796783,3.887772302013647,0.25,0.0,0.0,0.21,76.05529640762774,8.97,bo_suggested,0.854672999041695,25.02199149412244,21.7553576911796,49.58004173438085,8.503213653025766,84.4488989348712,,0.8950624586937783,6.770671240513273,31.670944473866733,0.4023058211664925,0.1362690823814498,0.0,0.0,0.0,0.0,45.0,0.1,0,20250924_221715,08,0.9,0.9,0.9,0.8,0.9,0.9,1.0,,0.65,0.5,0.21125,Medium,0.65,,,,False,1879,0.1,0.1,,,,1,0,0,1,Optimized,tough,"(200.0, 230.0]","(-0.001, 5.0]","(3.0, 6.0]",0.6104283327593566,0.30648275722708157,1.0,0.6389703633288127
13.09309866699937,0.0,1.6716049253728869,4.287816083824643,220.52141663796783,3.887772302013647,0.25,0.0,0.0,0.21,76.05529640762774,8.97,bo_suggested,0.854672999041695,25.02199149412244,21.7553576911796,49.58004173438085,8.503213653025766,84.4488989348712,,0.8950624586937783,6.770671240513273,31.670944473866733,0.4023058211664925,0.1362690823814498,0.0,0.0,0.0,0.0,45.0,0.1,0,20250924_221715,08,1.0,0.9,1.0,0.9,0.9,1.0,1.0,1.0,0.95,1.0,0.95,High,1.0,,,,False,1626,,,,,,1,0,0,1,Optimized,tough,"(200.0, 230.0]","(-0.001, 5.0]","(3.0, 6.0]",0.6104283327593566,0.30648275722708157,1.0,0.6389703633288127
13.09309866699937,0.0,1.6716049253728869,4.287816083824643,220.52141663796783,3.887772302013647,0.25,0.0,0.0,0.21,76.05529640762774,8.97,bo_suggested,0.854672999041695,25.02199149412244,21.7553576911796,49.58004173438085,8.503213653025766,84.4488989348712,,0.8950624586937783,6.770671240513273,31.670944473866733,0.4023058211664925,0.1362690823814498,0.0,0.0,0.0,0.0,45.0,0.1,0,20250924_221715,08,0.9,0.8,0.9,0.9,0.9,0.95,,,0.95,0.6,0.3705,Medium,0.65,,,,False,1551,,0.1,,,,1,0,0,1,Optimized,tough,"(200.0, 230.0]","(-0.001, 5.0]","(3.0, 6.0]",0.6104283327593566,0.30648275722708157,1.0,0.6389703633288127
13.09309866699937,0.0,1.6716049253728869,4.287816083824643,220.52141663796783,3.887772302013647,0.25,0.0,0.0,0.21,76.05529640762774,8.97,bo_suggested,0.854672999041695,25.02199149412244,21.7553576911796,49.58004173438085,8.503213653025766,84.4488989348712,,0.8950624586937783,6.770671240513273,31.670944473866733,0.4023058211664925,0.1362690823814498,0.0,0.0,0.0,0.0,45.0,0.1,0,20250924_221715,08,0.7,0.8,0.9,0.7,0.8,0.8,0.1,,0.6,0.4,0.156,Medium,0.65,,,,False,2114,0.6,0.0,,,,1,0,0,1,Optimized,tough,"(200.0, 230.0]","(-0.001, 5.0]","(3.0, 6.0]",0.6104283327593566,0.30648275722708157,1.0,0.6389703633288127
17.203729475432063,0.0,1.6579240067584526,8.152826363844921,220.06478525544188,3.930346407795748,0.25,0.0,0.0,0.21,71.95834651780949,8.97,bo_suggested,0.7392027912965634,25.073831232582744,21.39767420017618,59.378327285336326,10.183666362595677,80.17932571157998,,0.8933611506502426,7.984650617874301,36.55176173673791,0.3874511599316672,0.1787109716238079,0.0,0.0,0.0,0.0,45.0,0.1,0,20250924_221715,08,0.9,0.9,0.9,0.8,0.9,0.9,1.0,,0.65,0.5,0.21125,Medium,0.65,,,,False,1879,0.1,0.1,,,,1,0,0,1,Optimized,tough,"(200.0, 230.0]","(5.0, 10.0]","(3.0, 6.0]",0.6012957051088376,0.9690559480877007,1.0,0.8567838843988461
17.203729475432063,0.0,1.6579240067584526,8.152826363844921,220.06478525544188,3.930346407795748,0.25,0.0,0.0,0.21,71.95834651780949,8.97,bo_suggested,0.7392027912965634,25.073831232582744,21.39767420017618,59.378327285336326,10.183666362595677,80.17932571157998,,0.8933611506502426,7.984650617874301,36.55176173673791,0.3874511599316672,0.1787109716238079,0.0,0.0,0.0,0.0,45.0,0.1,0,20250924_221715,08,1.0,0.9,1.0,0.9,0.9,1.0,1.0,1.0,0.95,1.0,0.95,High,1.0,,,,False,1626,,,,,,1,0,0,1,Optimized,tough,"(200.0, 230.0]","(5.0, 10.0]","(3.0, 6.0]",0.6012957051088376,0.9690559480877007,1.0,0.8567838843988461
17.203729475432063,0.0,1.6579240067584526,8.152826363844921,220.06478525544188,3.930346407795748,0.25,0.0,0.0,0.21,71.95834651780949,8.97,bo_suggested,0.7392027912965634,25.073831232582744,21.39767420017618,59.378327285336326,10.183666362595677,80.17932571157998,,0.8933611506502426,7.984650617874301,36.55176173673791,0.3874511599316672,0.1787109716238079,0.0,0.0,0.0,0.0,45.0,0.1,0,20250924_221715,08,0.9,0.8,0.9,0.9,0.9,0.95,,,0.95,0.6,0.3705,Medium,0.65,,,,False,1551,,0.1,,,,1,0,0,1,Optimized,tough,"(200.0, 230.0]","(5.0, 10.0]","(3.0, 6.0]",0.6012957051088376,0.9690559480877007,1.0,0.8567838843988461
17.203729475432063,0.0,1.6579240067584526,8.152826363844921,220.06478525544188,3.930346407795748,0.25,0.0,0.0,0.21,71.95834651780949,8.97,bo_suggested,0.7392027912965634,25.073831232582744,21.39767420017618,59.378327285336326,10.183666362595677,80.17932571157998,,0.8933611506502426,7.984650617874301,36.55176173673791,0.3874511599316672,0.1787109716238079,0.0,0.0,0.0,0.0,45.0,0.1,0,20250924_221715,08,0.7,0.8,0.9,0.7,0.8,0.8,0.1,,0.6,0.4,0.156,Medium,0.65,,,,False,2114,0.6,0.0,,,,1,0,0,1,Optimized,tough,"(200.0, 230.0]","(5.0, 10.0]","(3.0, 6.0]",0.6012957051088376,0.9690559480877007,1.0,0.8567838843988461
11.771576998985022,3.721531687250319,2.0150240505522303,4.468126338351773,230.57605935035315,2.2554940526209237,0.25,0.0,0.0,0.21,73.31186726321243,8.97,bo_suggested,0.8803902197902881,25.048717320360392,22.12896168689117,52.229196561189646,8.957556342226829,85.33261219220964,,0.8955101900288208,6.507765025832886,30.641156956679836,0.4054399570883657,0.1273144083189551,0.0,0.0,0.0,0.0,45.0,0.1,0,20250924_221715,08,0.9,0.9,0.9,0.8,0.9,0.9,1.0,,0.65,0.5,0.21125,Medium,0.65,,,,False,1879,0.1,0.1,,,,1,0,1,1,Optimized,tough,"(230.0, 260.0]","(-0.001, 5.0]","(-0.001, 3.0]",0.811521187007063,0.33739308657458966,1.0,0.7163047578605509
11.771576998985022,3.721531687250319,2.0150240505522303,4.468126338351773,230.57605935035315,2.2554940526209237,0.25,0.0,0.0,0.21,73.31186726321243,8.97,bo_suggested,0.8803902197902881,25.048717320360392,22.12896168689117,52.229196561189646,8.957556342226829,85.33261219220964,,0.8955101900288208,6.507765025832886,30.641156956679836,0.4054399570883657,0.1273144083189551,0.0,0.0,0.0,0.0,45.0,0.1,0,20250924_221715,08,1.0,0.9,1.0,0.9,0.9,1.0,1.0,1.0,0.95,1.0,0.95,High,1.0,,,,False,1626,,,,,,1,0,1,1,Optimized,tough,"(230.0, 260.0]","(-0.001, 5.0]","(-0.001, 3.0]",0.811521187007063,0.33739308657458966,1.0,0.7163047578605509
11.771576998985022,3.721531687250319,2.0150240505522303,4.468126338351773,230.57605935035315,2.2554940526209237,0.25,0.0,0.0,0.21,73.31186726321243,8.97,bo_suggested,0.8803902197902881,25.048717320360392,22.12896168689117,52.229196561189646,8.957556342226829,85.33261219220964,,0.8955101900288208,6.507765025832886,30.641156956679836,0.4054399570883657,0.1273144083189551,0.0,0.0,0.0,0.0,45.0,0.1,0,20250924_221715,08,0.9,0.8,0.9,0.9,0.9,0.95,,,0.95,0.6,0.3705,Medium,0.65,,,,False,1551,,0.1,,,,1,0,1,1,Optimized,tough,"(230.0, 260.0]","(-0.001, 5.0]","(-0.001, 3.0]",0.811521187007063,0.33739308657458966,1.0,0.7163047578605509
11.771576998985022,3.721531687250319,2.0150240505522303,4.468126338351773,230.57605935035315,2.2554940526209237,0.25,0.0,0.0,0.21,73.31186726321243,8.97,bo_suggested,0.8803902197902881,25.048717320360392,22.12896168689117,52.229196561189646,8.957556342226829,85.33261219220964,,0.8955101900288208,6.507765025832886,30.641156956679836,0.4054399570883657,0.1273144083189551,0.0,0.0,0.0,0.0,45.0,0.1,0,20250924_221715,08,0.7,0.8,0.9,0.7,0.8,0.8,0.1,,0.6,0.4,0.156,Medium,0.65,,,,False,2114,0.6,0.0,,,,1,0,1,1,Optimized,tough,"(230.0, 260.0]","(-0.001, 5.0]","(-0.001, 3.0]",0.811521187007063,0.33739308657458966,1.0,0.7163047578605509
12.89273521197642,0.7277939658184019,1.7373671353921551,2.959228619168745,220.3584521015115,4.708831848966652,0.25,0.0,0.0,0.21,75.46210368681302,8.97,bo_suggested,0.8577848502379212,25.009490454232317,20.96089369928977,27.63936863532284,4.740283560066353,84.55701832284609,,0.8951228452940269,6.738725037030372,31.545311209686496,0.4026881832748672,0.1351766192146651,0.0,0.0,0.0,0.0,45.0,0.1,0,20250924_221715,09,0.9,0.8,0.9,0.95,0.9,0.9,,0.9,0.95,0.5,0.30875,Medium,0.65,,,,False,1892,,0.1,,,,1,0,1,1,Optimized,tough,"(200.0, 230.0]","(-0.001, 5.0]","(3.0, 6.0]",0.6071690420302298,0.07872490614321344,1.0,0.5619646493911478
12.89273521197642,0.7277939658184019,1.7373671353921551,2.959228619168745,220.3584521015115,4.708831848966652,0.25,0.0,0.0,0.21,75.46210368681302,8.97,bo_suggested,0.8577848502379212,25.009490454232317,20.96089369928977,27.63936863532284,4.740283560066353,84.55701832284609,,0.8951228452940269,6.738725037030372,31.545311209686496,0.4026881832748672,0.1351766192146651,0.0,0.0,0.0,0.0,45.0,0.1,0,20250924_221715,09,0.85,0.9,0.9,0.95,0.9,0.9,0.95,0.9,0.9,0.8,0.72,High,1.0,,,,False,1393,,0.3,,0.7,,1,0,1,1,Optimized,tough,"(200.0, 230.0]","(-0.001, 5.0]","(3.0, 6.0]",0.6071690420302298,0.07872490614321344,1.0,0.5619646493911478
12.89273521197642,0.7277939658184019,1.7373671353921551,2.959228619168745,220.3584521015115,4.708831848966652,0.25,0.0,0.0,0.21,75.46210368681302,8.97,bo_suggested,0.8577848502379212,25.009490454232317,20.96089369928977,27.63936863532284,4.740283560066353,84.55701832284609,,0.8951228452940269,6.738725037030372,31.545311209686496,0.4026881832748672,0.1351766192146651,0.0,0.0,0.0,0.0,45.0,0.1,0,20250924_221715,09,0.9,0.9,0.9,0.85,0.9,0.9,1.0,0.95,0.95,0.6,0.371,Medium,0.65,,,,False,1736,,0.1,,,,1,0,1,1,Optimized,tough,"(200.0, 230.0]","(-0.001, 5.0]","(3.0, 6.0]",0.6071690420302298,0.07872490614321344,1.0,0.5619646493911478
12.89273521197642,0.7277939658184019,1.7373671353921551,2.959228619168745,220.3584521015115,4.708831848966652,0.25,0.0,0.0,0.21,75.46210368681302,8.97,bo_suggested,0.8577848502379212,25.009490454232317,20.96089369928977,27.63936863532284,4.740283560066353,84.55701832284609,,0.8951228452940269,6.738725037030372,31.545311209686496,0.4026881832748672,0.1351766192146651,0.0,0.0,0.0,0.0,45.0,0.1,0,20250924_221715,09,0.8,0.9,0.9,0.85,0.9,0.9,1.0,,0.85,0.4,0.221,Medium,0.65,,,,False,1927,,0.0,,,,1,0,1,1,Optimized,tough,"(200.0, 230.0]","(-0.001, 5.0]","(3.0, 6.0]",0.6071690420302298,0.07872490614321344,1.0,0.5619646493911478
9.24231949381162,0.0,1.7624181980206113,2.605234381655654,220.3325687644092,4.352702115980019,0.25,0.0,0.0,0.21,79.81526230816777,8.97,bo_suggested,0.97300541511658,25.00832064934037,21.561332217639784,18.16280889675456,3.1150083619450553,88.34423353700157,,0.8966772558475496,5.58044577582012,27.08195852742316,0.4162723001339295,0.0963648567602013,0.0,0.0,0.0,0.0,45.0,0.1,0,20250924_221715,09,0.9,0.8,0.9,0.95,0.9,0.9,,0.9,0.95,0.5,0.30875,Medium,0.65,,,,False,1892,,0.1,,,,1,0,0,1,Optimized,tough,"(200.0, 230.0]","(-0.001, 5.0]","(3.0, 6.0]",0.6066513752881838,0.01804017971239783,1.0,0.5415638516668605
9.24231949381162,0.0,1.7624181980206113,2.605234381655654,220.3325687644092,4.352702115980019,0.25,0.0,0.0,0.21,79.81526230816777,8.97,bo_suggested,0.97300541511658,25.00832064934037,21.561332217639784,18.16280889675456,3.1150083619450553,88.34423353700157,,0.8966772558475496,5.58044577582012,27.08195852742316,0.4162723001339295,0.0963648567602013,0.0,0.0,0.0,0.0,45.0,0.1,0,20250924_221715,09,0.85,0.9,0.9,0.95,0.9,0.9,0.95,0.9,0.9,0.8,0.72,High,1.0,,,,False,1393,,0.3,,0.7,,1,0,0,1,Optimized,tough,"(200.0, 230.0]","(-0.001, 5.0]","(3.0, 6.0]",0.6066513752881838,0.01804017971239783,1.0,0.5415638516668605
9.24231949381162,0.0,1.7624181980206113,2.605234381655654,220.3325687644092,4.352702115980019,0.25,0.0,0.0,0.21,79.81526230816777,8.97,bo_suggested,0.97300541511658,25.00832064934037,21.561332217639784,18.16280889675456,3.1150083619450553,88.34423353700157,,0.8966772558475496,5.58044577582012,27.08195852742316,0.4162723001339295,0.0963648567602013,0.0,0.0,0.0,0.0,45.0,0.1,0,20250924_221715,09,0.9,0.9,0.9,0.85,0.9,0.9,1.0,0.95,0.95,0.6,0.371,Medium,0.65,,,,False,1736,,0.1,,,,1,0,0,1,Optimized,tough,"(200.0, 230.0]","(-0.001, 5.0]","(3.0, 6.0]",0.6066513752881838,0.01804017971239783,1.0,0.5415638516668605
9.24231949381162,0.0,1.7624181980206113,2.605234381655654,220.3325687644092,4.352702115980019,0.25,0.0,0.0,0.21,79.81526230816777,8.97,bo_suggested,0.97300541511658,25.00832064934037,21.561332217639784,18.16280889675456,3.1150083619450553,88.34423353700157,,0.8966772558475496,5.58044577582012,27.08195852742316,0.4162723001339295,0.0963648567602013,0.0,0.0,0.0,0.0,45.0,0.1,0,20250924_221715,09,0.8,0.9,0.9,0.85,0.9,0.9,1.0,,0.85,0.4,0.221,Medium,0.65,,,,False,1927,,0.0,,,,1,0,0,1,Optimized,tough,"(200.0, 230.0]","(-0.001, 5.0]","(3.0, 6.0]",0.6066513752881838,0.01804017971239783,1.0,0.5415638516668605
16.411837276790344,0.0,2.32223776249696,2.833436927874368,220.34016519216095,4.3436684921354765,0.25,0.0,0.0,0.21,72.0859249607127,8.97,bo_suggested,0.7605367016590463,25.00956843202949,20.50673276939633,34.65468877741164,5.943444427339091,81.00891346772109,,0.8938160634978375,7.755891571270085,35.615742276667426,0.3902999148101426,0.1705716719710211,0.0,0.0,0.0,0.0,45.0,0.1,0,20250924_221715,09,0.9,0.8,0.9,0.95,0.9,0.9,,0.9,0.95,0.5,0.30875,Medium,0.65,,,,False,1892,,0.1,,,,1,0,0,1,Optimized,tough,"(200.0, 230.0]","(-0.001, 5.0]","(3.0, 6.0]",0.606803303843219,0.057160616207034484,1.0,0.5546546400167512
16.411837276790344,0.0,2.32223776249696,2.833436927874368,220.34016519216095,4.3436684921354765,0.25,0.0,0.0,0.21,72.0859249607127,8.97,bo_suggested,0.7605367016590463,25.00956843202949,20.50673276939633,34.65468877741164,5.943444427339091,81.00891346772109,,0.8938160634978375,7.755891571270085,35.615742276667426,0.3902999148101426,0.1705716719710211,0.0,0.0,0.0,0.0,45.0,0.1,0,20250924_221715,09,0.85,0.9,0.9,0.95,0.9,0.9,0.95,0.9,0.9,0.8,0.72,High,1.0,,,,False,1393,,0.3,,0.7,,1,0,0,1,Optimized,tough,"(200.0, 230.0]","(-0.001, 5.0]","(3.0, 6.0]",0.606803303843219,0.057160616207034484,1.0,0.5546546400167512
16.411837276790344,0.0,2.32223776249696,2.833436927874368,220.34016519216095,4.3436684921354765,0.25,0.0,0.0,0.21,72.0859249607127,8.97,bo_suggested,0.7605367016590463,25.00956843202949,20.50673276939633,34.65468877741164,5.943444427339091,81.00891346772109,,0.8938160634978375,7.755891571270085,35.615742276667426,0.3902999148101426,0.1705716719710211,0.0,0.0,0.0,0.0,45.0,0.1,0,20250924_221715,09,0.9,0.9,0.9,0.85,0.9,0.9,1.0,0.95,0.95,0.6,0.371,Medium,0.65,,,,False,1736,,0.1,,,,1,0,0,1,Optimized,tough,"(200.0, 230.0]","(-0.001, 5.0]","(3.0, 6.0]",0.606803303843219,0.057160616207034484,1.0,0.5546546400167512
16.411837276790344,0.0,2.32223776249696,2.833436927874368,220.34016519216095,4.3436684921354765,0.25,0.0,0.0,0.21,72.0859249607127,8.97,bo_suggested,0.7605367016590463,25.00956843202949,20.50673276939633,34.65468877741164,5.943444427339091,81.00891346772109,,0.8938160634978375,7.755891571270085,35.615742276667426,0.3902999148101426,0.1705716719710211,0.0,0.0,0.0,0.0,45.0,0.1,0,20250924_221715,09,0.8,0.9,0.9,0.85,0.9,0.9,1.0,,0.85,0.4,0.221,Medium,0.65,,,,False,1927,,0.0,,,,1,0,0,1,Optimized,tough,"(200.0, 230.0]","(-0.001, 5.0]","(3.0, 6.0]",0.606803303843219,0.057160616207034484,1.0,0.5546546400167512
13.889950509772945,8.067814790544535,1.3311982377433165,8.228595575000961,225.47166128943127,2.803744308101596,0.25,0.0,0.0,0.21,67.53103646193921,8.97,bo_suggested,0.7966925396039548,25.11591730354428,21.515026878340397,55.58001980538336,9.532238511950498,82.37075012669014,,0.8942018316347108,7.3730049295801345,34.0662518115993,0.3950157553560021,0.1570978418399939,0.0,0.0,0.0,0.0,45.0,0.1,0,20250924_221715,09,0.9,0.8,0.9,0.95,0.9,0.9,,0.9,0.95,0.5,0.30875,Medium,0.65,,,,False,1892,,0.1,,,,1,0,1,1,Optimized,tough,"(200.0, 230.0]","(5.0, 10.0]","(-0.001, 3.0]",0.7094332257886253,0.9820449557144504,1.0,0.8971593938343586
13.889950509772945,8.067814790544535,1.3311982377433165,8.228595575000961,225.47166128943127,2.803744308101596,0.25,0.0,0.0,0.21,67.53103646193921,8.97,bo_suggested,0.7966925396039548,25.11591730354428,21.515026878340397,55.58001980538336,9.532238511950498,82.37075012669014,,0.8942018316347108,7.3730049295801345,34.0662518115993,0.3950157553560021,0.1570978418399939,0.0,0.0,0.0,0.0,45.0,0.1,0,20250924_221715,09,0.85,0.9,0.9,0.95,0.9,0.9,0.95,0.9,0.9,0.8,0.72,High,1.0,,,,False,1393,,0.3,,0.7,,1,0,1,1,Optimized,tough,"(200.0, 230.0]","(5.0, 10.0]","(-0.001, 3.0]",0.7094332257886253,0.9820449557144504,1.0,0.8971593938343586
13.889950509772945,8.067814790544535,1.3311982377433165,8.228595575000961,225.47166128943127,2.803744308101596,0.25,0.0,0.0,0.21,67.53103646193921,8.97,bo_suggested,0.7966925396039548,25.11591730354428,21.515026878340397,55.58001980538336,9.532238511950498,82.37075012669014,,0.8942018316347108,7.3730049295801345,34.0662518115993,0.3950157553560021,0.1570978418399939,0.0,0.0,0.0,0.0,45.0,0.1,0,20250924_221715,09,0.9,0.9,0.9,0.85,0.9,0.9,1.0,0.95,0.95,0.6,0.371,Medium,0.65,,,,False,1736,,0.1,,,,1,0,1,1,Optimized,tough,"(200.0, 230.0]","(5.0, 10.0]","(-0.001, 3.0]",0.7094332257886253,0.9820449557144504,1.0,0.8971593938343586
13.889950509772945,8.067814790544535,1.3311982377433165,8.228595575000961,225.47166128943127,2.803744308101596,0.25,0.0,0.0,0.21,67.53103646193921,8.97,bo_suggested,0.7966925396039548,25.11591730354428,21.515026878340397,55.58001980538336,9.532238511950498,82.37075012669014,,0.8942018316347108,7.3730049295801345,34.0662518115993,0.3950157553560021,0.1570978418399939,0.0,0.0,0.0,0.0,45.0,0.1,0,20250924_221715,09,0.8,0.9,0.9,0.85,0.9,0.9,1.0,,0.85,0.4,0.221,Medium,0.65,,,,False,1927,,0.0,,,,1,0,1,1,Optimized,tough,"(200.0, 230.0]","(5.0, 10.0]","(-0.001, 3.0]",0.7094332257886253,0.9820449557144504,1.0,0.8971593938343586
9.91600973549904,1.4131007595455871,1.011840153565911,5.275039171920005,220.16208426748253,3.596125289772346,0.25,0.0,0.0,0.21,78.47904935138946,8.97,bo_suggested,0.9471389200179358,25.034636902932263,21.652925023283412,41.847331662609335,7.177016990880125,87.52837303517796,,0.8961982578710987,5.836530191897026,28.05372340523141,0.4133147548536435,0.104814986132447,0.0,0.0,0.0,0.0,45.0,0.1,0,20250924_221715,10,0.8,0.9,0.8,0.8,0.8,0.3,0.9,,0.75,0.3,0.14625,Medium,0.65,,,,False,1927,,0.1,,,,1,0,1,1,Optimized,tough,"(200.0, 230.0]","(5.0, 10.0]","(3.0, 6.0]",0.6032416853496505,0.47572100090057223,1.0,0.6929875620834075
9.91600973549904,1.4131007595455871,1.011840153565911,5.275039171920005,220.16208426748253,3.596125289772346,0.25,0.0,0.0,0.21,78.47904935138946,8.97,bo_suggested,0.9471389200179358,25.034636902932263,21.652925023283412,41.847331662609335,7.177016990880125,87.52837303517796,,0.8961982578710987,5.836530191897026,28.05372340523141,0.4133147548536435,0.104814986132447,0.0,0.0,0.0,0.0,45.0,0.1,0,20250924_221715,10,0.85,0.95,0.9,0.95,0.8,0.9,0.95,0.9,0.9,0.6,0.351,Medium,0.65,,,,False,1641,,,,,,1,0,1,1,Optimized,tough,"(200.0, 230.0]","(5.0, 10.0]","(3.0, 6.0]",0.6032416853496505,0.47572100090057223,1.0,0.6929875620834075
9.91600973549904,1.4131007595455871,1.011840153565911,5.275039171920005,220.16208426748253,3.596125289772346,0.25,0.0,0.0,0.21,78.47904935138946,8.97,bo_suggested,0.9471389200179358,25.034636902932263,21.652925023283412,41.847331662609335,7.177016990880125,87.52837303517796,,0.8961982578710987,5.836530191897026,28.05372340523141,0.4133147548536435,0.104814986132447,0.0,0.0,0.0,0.0,45.0,0.1,0,20250924_221715,10,0.9,0.95,0.85,0.95,0.9,1.0,,,0.85,0.7,0.38675,Medium,0.65,,,,False,1140,,0.4,,,,1,0,1,1,Optimized,tough,"(200.0, 230.0]","(5.0, 10.0]","(3.0, 6.0]",0.6032416853496505,0.47572100090057223,1.0,0.6929875620834075
9.91600973549904,1.4131007595455871,1.011840153565911,5.275039171920005,220.16208426748253,3.596125289772346,0.25,0.0,0.0,0.21,78.47904935138946,8.97,bo_suggested,0.9471389200179358,25.034636902932263,21.652925023283412,41.847331662609335,7.177016990880125,87.52837303517796,,0.8961982578710987,5.836530191897026,28.05372340523141,0.4133147548536435,0.104814986132447,0.0,0.0,0.0,0.0,45.0,0.1,0,20250924_221715,10,0.6,0.8,0.7,0.7,0.65,0.7,0.0,,0.25,0.1,0.025,High,1.0,,,,False,1695,0.0,0.0,,,,1,0,1,1,Optimized,tough,"(200.0, 230.0]","(5.0, 10.0]","(3.0, 6.0]",0.6032416853496505,0.47572100090057223,1.0,0.6929875620834075
16.81493572384383,0.0,0.6105414016624217,4.863884079604045,220.23729424928257,3.891345349072431,0.25,0.0,0.0,0.21,73.39452287449375,8.97,bo_suggested,0.7497625945599272,25.027543417026536,19.85238060037824,42.90464643293081,7.358351517355702,80.59246176267284,,0.8933196006379461,7.871148364219593,36.08637025048075,0.3888675688028847,0.1746640891346152,0.0,0.0,0.0,0.0,45.0,0.1,0,20250924_221715,10,0.8,0.9,0.8,0.8,0.8,0.3,0.9,,0.75,0.3,0.14625,Medium,0.65,,,,False,1927,,0.1,,,,1,0,0,1,Optimized,tough,"(200.0, 230.0]","(-0.001, 5.0]","(3.0, 6.0]",0.6047458849856514,0.4052372707892648,1.0,0.6699943852583053
16.81493572384383,0.0,0.6105414016624217,4.863884079604045,220.23729424928257,3.891345349072431,0.25,0.0,0.0,0.21,73.39452287449375,8.97,bo_suggested,0.7497625945599272,25.027543417026536,19.85238060037824,42.90464643293081,7.358351517355702,80.59246176267284,,0.8933196006379461,7.871148364219593,36.08637025048075,0.3888675688028847,0.1746640891346152,0.0,0.0,0.0,0.0,45.0,0.1,0,20250924_221715,10,0.85,0.95,0.9,0.95,0.8,0.9,0.95,0.9,0.9,0.6,0.351,Medium,0.65,,,,False,1641,,,,,,1,0,0,1,Optimized,tough,"(200.0, 230.0]","(-0.001, 5.0]","(3.0, 6.0]",0.6047458849856514,0.4052372707892648,1.0,0.6699943852583053
16.81493572384383,0.0,0.6105414016624217,4.863884079604045,220.23729424928257,3.891345349072431,0.25,0.0,0.0,0.21,73.39452287449375,8.97,bo_suggested,0.7497625945599272,25.027543417026536,19.85238060037824,42.90464643293081,7.358351517355702,80.59246176267284,,0.8933196006379461,7.871148364219593,36.08637025048075,0.3888675688028847,0.1746640891346152,0.0,0.0,0.0,0.0,45.0,0.1,0,20250924_221715,10,0.9,0.95,0.85,0.95,0.9,1.0,,,0.85,0.7,0.38675,Medium,0.65,,,,False,1140,,0.4,,,,1,0,0,1,Optimized,tough,"(200.0, 230.0]","(-0.001, 5.0]","(3.0, 6.0]",0.6047458849856514,0.4052372707892648,1.0,0.6699943852583053
16.81493572384383,0.0,0.6105414016624217,4.863884079604045,220.23729424928257,3.891345349072431,0.25,0.0,0.0,0.21,73.39452287449375,8.97,bo_suggested,0.7497625945599272,25.027543417026536,19.85238060037824,42.90464643293081,7.358351517355702,80.59246176267284,,0.8933196006379461,7.871148364219593,36.08637025048075,0.3888675688028847,0.1746640891346152,0.0,0.0,0.0,0.0,45.0,0.1,0,20250924_221715,10,0.6,0.8,0.7,0.7,0.65,0.7,0.0,,0.25,0.1,0.025,High,1.0,,,,False,1695,0.0,0.0,,,,1,0,0,1,Optimized,tough,"(200.0, 230.0]","(-0.001, 5.0]","(3.0, 6.0]",0.6047458849856514,0.4052372707892648,1.0,0.6699943852583053
13.18700356712622,0.0,0.7770747134345015,5.1353214269514496,220.23877264948237,3.952894517474295,0.25,0.0,0.0,0.21,76.85592171943928,8.97,bo_suggested,0.8519873814691532,25.030002525907364,20.804617903230184,43.581720686372904,7.474472981448554,84.35532041744992,,0.8948505282767169,6.798271890636183,31.779600784528284,0.4019751280470878,0.1372139198654633,0.0,0.0,0.0,0.0,45.0,0.1,0,20250924_221715,10,0.8,0.9,0.8,0.8,0.8,0.3,0.9,,0.75,0.3,0.14625,Medium,0.65,,,,False,1927,,0.1,,,,1,0,0,1,Optimized,tough,"(200.0, 230.0]","(5.0, 10.0]","(3.0, 6.0]",0.6047754529896474,0.4517693874773913,1.0,0.6855149468223463
13.18700356712622,0.0,0.7770747134345015,5.1353214269514496,220.23877264948237,3.952894517474295,0.25,0.0,0.0,0.21,76.85592171943928,8.97,bo_suggested,0.8519873814691532,25.030002525907364,20.804617903230184,43.581720686372904,7.474472981448554,84.35532041744992,,0.8948505282767169,6.798271890636183,31.779600784528284,0.4019751280470878,0.1372139198654633,0.0,0.0,0.0,0.0,45.0,0.1,0,20250924_221715,10,0.85,0.95,0.9,0.95,0.8,0.9,0.95,0.9,0.9,0.6,0.351,Medium,0.65,,,,False,1641,,,,,,1,0,0,1,Optimized,tough,"(200.0, 230.0]","(5.0, 10.0]","(3.0, 6.0]",0.6047754529896474,0.4517693874773913,1.0,0.6855149468223463
13.18700356712622,0.0,0.7770747134345015,5.1353214269514496,220.23877264948237,3.952894517474295,0.25,0.0,0.0,0.21,76.85592171943928,8.97,bo_suggested,0.8519873814691532,25.030002525907364,20.804617903230184,43.581720686372904,7.474472981448554,84.35532041744992,,0.8948505282767169,6.798271890636183,31.779600784528284,0.4019751280470878,0.1372139198654633,0.0,0.0,0.0,0.0,45.0,0.1,0,20250924_221715,10,0.9,0.95,0.85,0.95,0.9,1.0,,,0.85,0.7,0.38675,Medium,0.65,,,,False,1140,,0.4,,,,1,0,0,1,Optimized,tough,"(200.0, 230.0]","(5.0, 10.0]","(3.0, 6.0]",0.6047754529896474,0.4517693874773913,1.0,0.6855149468223463
13.18700356712622,0.0,0.7770747134345015,5.1353214269514496,220.23877264948237,3.952894517474295,0.25,0.0,0.0,0.21,76.85592171943928,8.97,bo_suggested,0.8519873814691532,25.030002525907364,20.804617903230184,43.581720686372904,7.474472981448554,84.35532041744992,,0.8948505282767169,6.798271890636183,31.779600784528284,0.4019751280470878,0.1372139198654633,0.0,0.0,0.0,0.0,45.0,0.1,0,20250924_221715,10,0.6,0.8,0.7,0.7,0.65,0.7,0.0,,0.25,0.1,0.025,High,1.0,,,,False,1695,0.0,0.0,,,,1,0,0,1,Optimized,tough,"(200.0, 230.0]","(5.0, 10.0]","(3.0, 6.0]",0.6047754529896474,0.4517693874773913,1.0,0.6855149468223463
8.648598255837653,9.7947800409216,2.9288425047765942,7.395718837044278,203.6379120626025,8.141378489233215,0.25,0.0,0.0,0.21,69.44777919846416,8.97,bo_suggested,0.961872286190918,25.022013076048427,22.56388065448714,46.42179588930568,7.96155942584038,87.99535236111123,,0.8968424432941943,5.690402880567138,27.498193054999916,0.4150054993978264,0.0999842874347818,0.0,0.0,0.0,0.0,45.0,0.1,0,20250924_221715,10,0.8,0.9,0.8,0.8,0.8,0.3,0.9,,0.75,0.3,0.14625,Medium,0.65,,,,False,1927,,0.1,,,,1,0,1,1,Optimized,tough,"(200.0, 230.0]","(5.0, 10.0]","(6.0, 12.0]",0.27275824125205017,0.8392660863504475,1.0,0.7040081092008327
8.648598255837653,9.7947800409216,2.9288425047765942,7.395718837044278,203.6379120626025,8.141378489233215,0.25,0.0,0.0,0.21,69.44777919846416,8.97,bo_suggested,0.961872286190918,25.022013076048427,22.56388065448714,46.42179588930568,7.96155942584038,87.99535236111123,,0.8968424432941943,5.690402880567138,27.498193054999916,0.4150054993978264,0.0999842874347818,0.0,0.0,0.0,0.0,45.0,0.1,0,20250924_221715,10,0.85,0.95,0.9,0.95,0.8,0.9,0.95,0.9,0.9,0.6,0.351,Medium,0.65,,,,False,1641,,,,,,1,0,1,1,Optimized,tough,"(200.0, 230.0]","(5.0, 10.0]","(6.0, 12.0]",0.27275824125205017,0.8392660863504475,1.0,0.7040081092008327
8.648598255837653,9.7947800409216,2.9288425047765942,7.395718837044278,203.6379120626025,8.141378489233215,0.25,0.0,0.0,0.21,69.44777919846416,8.97,bo_suggested,0.961872286190918,25.022013076048427,22.56388065448714,46.42179588930568,7.96155942584038,87.99535236111123,,0.8968424432941943,5.690402880567138,27.498193054999916,0.4150054993978264,0.0999842874347818,0.0,0.0,0.0,0.0,45.0,0.1,0,20250924_221715,10,0.9,0.95,0.85,0.95,0.9,1.0,,,0.85,0.7,0.38675,Medium,0.65,,,,False,1140,,0.4,,,,1,0,1,1,Optimized,tough,"(200.0, 230.0]","(5.0, 10.0]","(6.0, 12.0]",0.27275824125205017,0.8392660863504475,1.0,0.7040081092008327
8.648598255837653,9.7947800409216,2.9288425047765942,7.395718837044278,203.6379120626025,8.141378489233215,0.25,0.0,0.0,0.21,69.44777919846416,8.97,bo_suggested,0.961872286190918,25.022013076048427,22.56388065448714,46.42179588930568,7.96155942584038,87.99535236111123,,0.8968424432941943,5.690402880567138,27.498193054999916,0.4150054993978264,0.0999842874347818,0.0,0.0,0.0,0.0,45.0,0.1,0,20250924_221715,10,0.6,0.8,0.7,0.7,0.65,0.7,0.0,,0.25,0.1,0.025,High,1.0,,,,False,1695,0.0,0.0,,,,1,0,1,1,Optimized,tough,"(200.0, 230.0]","(5.0, 10.0]","(6.0, 12.0]",0.27275824125205017,0.8392660863504475,1.0,0.7040081092008327
